player_name,team,position,position_raw,age,club_name,birth_year,matches_played,starts,total_minutes_tournament,nineties,total_goals_tournament,total_assists_tournament,goals_plus_assists,non_penalty_goals,penalty_goals,penalty_attempts,yellow_cards_tournament,red_cards_tournament,goals_per90,assists_per90
Brenden Aaronson,USA,Midfielder,MF,25,1.eng Leeds United,2000,1,1,76,0.8,0,0,0,0,0,0,0,0,0.0,0.0
Thelo Aasgaard,Norway,Midfielder,MF,24,1.sct Rangers,2002,1,1,90,1.0,1,0,1,1,0,0,0,0,1.0,0.0
Hamza Abdelkarim,Egypt,Forward,FW,18,4.es Barcelona B,2008,4,0,60,0.7,0,0,0,0,0,0,0,0,0.0,0.0
Hossam Abdelmaguid,Egypt,Defender,DF,25,1.eg Zamalek SC,2001,2,0,59,0.7,0,0,0,0,0,0,0,0,0.0,0.0
Mohamed Abdelmonem,Egypt,Defender,DF,27,1.fr Nice,1999,2,1,14,0.2,0,0,0,0,0,0,0,0,0.0,0.0
Ali Abdi,Tunisia,Defender,DF,32,1.fr Nice,1993,3,3,269,3.0,0,0,0,0,0,0,0,0,0.0,0.0
Saud Abdulhamid,Saudi Arabia,Defender,DF,26,1.fr Lens,1999,3,3,269,3.0,0,0,0,0,0,0,1,0,0.0,0.0
Abdulla Abdullaev,Uzbekistan,Defender,DF,28,1.ae Dibba Al Fujairah,1997,2,2,180,2.0,0,0,0,0,0,0,0,0,0.0,0.0
Yusuf Abdurisag,Qatar,Forward,FW,26,1.qa Al-Wakrah,1999,2,2,98,1.1,0,0,0,0,0,0,0,0,0.0,0.0
Husam Abu Dahab,Jordan,Defender,DF,26,1.kw Al-Salmiya SC,2000,2,2,178,2.0,0,0,0,0,0,0,1,0,0.0,0.0
Mohammad Abu Hasheesh,Jordan,Defender,DF,31,1.iq Al-Karma,1995,1,0,6,0.1,0,0,0,0,0,0,0,0,0.0,0.0
Mohannad Abu Taha,Jordan,Defender,DF,23,1.iq Al-Quwa Al-Jawiya,2003,3,3,264,2.9,0,0,0,0,0,0,1,0,0.0,0.0
Mo Abualnadi,Jordan,Defender,DF,25,1.my Selangor FA,2001,1,1,71,0.8,0,0,0,0,0,0,0,0,0.0,0.0
Yazeed Abulaila,Jordan,Goalkeeper,GK,33,1.jo Al-Hussein SC,1993,3,3,270,3.0,0,0,0,0,0,0,0,0,0.0,0.0
Mahmoud Abunada,Qatar,Goalkeeper,GK,26,1.qa Al Rayyan SC,2000,3,3,270,3.0,0,0,0,0,0,0,1,0,0.0,0.0
Elias Achouri,Tunisia,Forward,FWMF,27,1.dk FC Copenhagen,1999,3,0,43,0.5,0,0,0,0,0,0,0,0,0.0,0.0
Ché Adams,Scotland,Forward,FW,29,1.it Torino,1996,3,2,145,1.6,0,0,0,0,0,0,0,0,0.0,0.0
Jayden Adams,South Africa,Midfielder,MF,25,1.za Sundowns,2001,3,2,116,1.3,0,0,0,0,0,0,0,0,0.0,0.0
Tyler Adams,USA,Midfielder,MF,27,1.eng Bournemouth,1999,4,4,341,3.8,0,0,0,0,0,0,1,0,0.0,0.0
Ricardo Adé,Haiti,Defender,DF,36,1.ec LDU Quito,1990,3,3,270,3.0,0,0,0,0,0,0,0,0,0.0,0.0
Ibrahim Adel,Egypt,Midfielder,MF,25,1.dk Nordsjælland,2001,1,0,3,0.0,0,0,0,0,0,0,0,0,0.0,0.0
Simon Adingra,Côte d'Ivoire,Forward,FWMF,24,1.fr Monaco,2002,1,0,16,0.2,0,0,0,0,0,0,0,0,0.0,0.0
Jonas Adjetey,Ghana,Defender,DF,22,1.de Wolfsburg,2003,3,3,225,2.5,0,0,0,0,0,0,0,0,0.0,0.0
Michel Aebischer,Switzerland,Midfielder,MFFW,29,1.it Pisa,1997,4,2,156,1.7,0,0,0,0,0,0,0,0,0.0,0.0
Akram Afif,Qatar,Forward,FWMF,29,1.qa Al Sadd,1996,3,3,238,2.6,0,0,0,0,0,0,0,0,0.0,0.0
Emmanuel Agbadou,Côte d'Ivoire,Defender,DF,28,1.tr Beşiktaş,1997,3,3,270,3.0,0,0,0,0,0,0,0,0,0.0,0.0
Rodrigo Aguirre,Uruguay,Forward,FW,31,1.mx América,1994,1,0,1,0.0,0,0,0,0,0,0,0,0,0.0,0.0
Ali Ahmed,Canada,Midfielder,MF,25,2.eng Norwich City,2000,4,3,234,2.6,0,0,0,0,0,0,0,0,0.0,0.0
Homam Ahmed,Qatar,Defender,DF,26,2.es Cultural Leonesa,1999,2,2,122,1.4,0,1,1,0,0,0,0,1,0.0,0.74
Rayan Aït-Nouri,Algeria,Defender,DF,25,1.eng Manchester City,2001,4,3,284,3.2,0,0,0,0,0,0,0,0,0.0,0.0
Kristoffer Ajer,Norway,Defender,DF,28,1.eng Brentford,1998,5,5,480,5.3,0,0,0,0,0,0,1,0,0.0,0.0
Manuel Akanji,Switzerland,Defender,DF,30,1.it Inter,1995,6,6,600,6.7,0,0,0,0,0,0,0,0,0.0,0.0
Nathan Aké,Netherlands,Defender,DF,31,1.eng Manchester City,1995,3,2,170,1.9,0,0,0,0,0,0,0,0,0.0,0.0
Yunus Akgün,Türkiye,Midfielder,MF,25,1.tr Galatasaray,2000,2,1,88,1.0,0,0,0,0,0,0,1,0,0.0,0.0
Maghnes Akliouche,France,Midfielder,MF,24,1.fr Monaco,2002,1,0,8,0.1,0,0,0,0,0,0,0,0,0.0,0.0
Kerem Aktürkoğlu,Türkiye,Forward,FW,27,1.tr Fenerbahçe,1998,2,2,129,1.4,0,0,0,0,0,0,0,0,0.0,0.0
Ahmed Alaaeldin,Qatar,Forward,FW,33,1.qa Al Rayyan SC,1993,2,0,43,0.5,0,0,0,0,0,0,0,0,0.0,0.0
David Alaba,Austria,Defender,DF,33,1.es Real Madrid,1992,4,4,275,3.1,0,1,1,0,0,0,0,0,0.0,0.33
Kerim Alajbegović,Bosnia–Herz,Midfielder,MF,18,1.at RB Salzburg,2007,4,3,277,3.1,1,0,1,1,0,0,0,0,0.32,0.0
Jordy Alcivar,Ecuador,Midfielder,MF,26,1.ec Independiente,1999,1,1,45,0.5,0,0,0,0,0,0,1,0,0.0,0.0
Omar Alderete,Paraguay,Defender,DF,29,1.eng Sunderland,1996,4,4,320,3.6,0,0,0,0,0,0,0,0,0.0,0.0
Almoez Ali,Qatar,Forward,FW,29,1.qa Al Duhail SC,1996,1,0,19,0.2,0,0,0,0,0,0,0,0,0.0,0.0
Hussein Ali,Iraq,Defender,DF,24,1.pl Pogoń Szczecin,2002,2,2,162,1.8,0,0,0,0,0,0,0,0,0.0,0.0
Mohanad Ali,Iraq,Forward,FW,25,1.ae Dibba Al Fujairah,2000,1,0,13,0.1,0,0,0,0,0,0,0,0,0.0,0.0
Taha Ali,Sweden,Forward,FWMF,27,1.se Malmö,1998,2,0,37,0.4,0,0,0,0,0,0,0,0,0.0,0.0
Khojiakbar Alijonov,Uzbekistan,Midfielder,MF,29,1.uz Pakhtakor Tashkent FK,1997,2,1,135,1.5,0,0,0,0,0,0,0,0,0.0,0.0
Ali Alipour,IR Iran,Forward,FW,30,1.ir Persepolis,1995,1,0,38,0.4,0,0,0,0,0,0,0,0,0.0,0.0
Alisson,Brazil,Goalkeeper,GK,33,1.eng Liverpool,1992,5,5,450,5.0,0,0,0,0,0,0,0,0,0.0,0.0
Thiago Almada,Argentina,Midfielder,MF,25,1.es Atlético Madrid,2001,5,3,241,2.7,0,0,0,0,0,0,1,0,0.0,0.0
Miguel Almirón,Paraguay,Midfielder,MFFW,32,1.us Atlanta Utd,1994,4,4,282,3.1,0,0,0,0,0,0,1,1,0.0,0.0
Júnior Alonso,Paraguay,Defender,DF,33,1.br Atlético Mineiro,1993,5,4,390,4.3,0,0,0,0,0,0,1,0,0.0,0.0
Barış Alper Yılmaz,Türkiye,Midfielder,MFFW,26,1.tr Galatasaray,2000,3,2,179,2.0,1,1,2,1,0,0,0,0,0.5,0.5
Roberto Alvarado,Mexico,Forward,FWMF,27,1.mx Guadalajara,1998,5,5,428,4.8,0,3,3,0,0,0,0,0,0.0,0.63
Edson Álvarez,Mexico,Midfielder,MFDF,28,1.eng West Ham,1997,4,2,240,2.7,0,0,0,0,0,0,1,0,0.0,0.0
Julián Álvarez,Argentina,Forward,FW,26,1.es Atlético Madrid,2000,8,5,602,6.7,1,0,1,1,0,0,0,0,0.15,0.0
Ayoube Amaimouni,Morocco,Midfielder,MF,21,1.de Frankfurt,2004,2,0,18,0.2,0,0,0,0,0,0,0,0,0.0,0.0
Zeki Amdouni,Switzerland,Forward,FWMF,25,1.eng Burnley,2000,4,0,73,0.8,0,0,0,0,0,0,0,0,0.0,0.0
Michael Amir Murillo,Panama,Defender,DFMF,30,1.tr Beşiktaş,1996,3,3,270,3.0,0,0,0,0,0,0,0,0,0.0,0.0
Nadiem Amiri,Germany,Midfielder,MF,29,1.de Mainz 05,1996,2,0,42,0.5,0,1,1,0,0,0,0,0,0.0,2.14
Amir Al Ammari,Iraq,Midfielder,MF,28,1.pl Cracovia,1997,3,3,247,2.7,0,1,1,0,0,0,2,0,0.0,0.36
Azizbek Amonov,Uzbekistan,Forward,FW,28,1.uz FK Bukhara Nurafshon,1997,1,0,14,0.2,0,0,0,0,0,0,0,0,0.0,0.0
Mohamed Amoura,Algeria,Forward,FWMF,26,1.de Wolfsburg,2000,1,0,27,0.3,0,0,0,0,0,0,0,0,0.0,0.0
Sofyan Amrabat,Morocco,Midfielder,MF,29,1.es Real Betis,1996,3,1,147,1.6,0,0,0,0,0,0,0,0,0.0,0.0
Abdulelah Al-Amri,Saudi Arabia,Defender,DF,29,,1997,3,3,239,2.7,1,0,1,1,0,0,1,0,0.38,0.0
Youssef Amyn,Iraq,Midfielder,MF,22,1.cy AEK Larnaca,2003,1,0,31,0.3,0,0,0,0,0,0,0,0,0.0,0.0
Elliot Anderson,England,Midfielder,MF,23,1.eng Nottingham,2002,8,7,632,7.0,0,1,1,0,0,0,1,0,0.0,0.14
Andrés Andrade Cedeño,Panama,Defender,DF,27,1.at LASK,1998,3,3,270,3.0,0,0,0,0,0,0,1,0,0.0,0.0
Fredrik André Bjørkan,Norway,Defender,DF,27,1.no Bodø/Glimt,1998,1,1,45,0.5,0,0,0,0,0,0,0,0,0.0,0.0
Nilson Angulo,Ecuador,Midfielder,MF,22,1.eng Sunderland,2003,4,2,218,2.4,1,0,1,1,0,0,0,0,0.41,0.0
Waldemar Anton,Germany,Defender,DFMF,29,1.de Dortmund,1996,2,0,50,0.6,0,0,0,0,0,0,0,0,0.0,0.0
Jeremy Antonisse,Curaçao,Forward,FWMF,24,1.gr AE Kifisia,2002,2,0,75,0.8,0,0,0,0,0,0,0,0,0.0,0.0
Houssem Aouar,Algeria,Midfielder,MF,27,1.sa Al-Ittihad,1998,3,2,173,1.9,0,2,2,0,0,0,0,0,0.0,1.04
Oswin Appollis,South Africa,Midfielder,MFFW,24,1.za Orlando Pirates,2001,4,3,255,2.8,0,0,0,0,0,0,0,0,0.0,0.0
Yazan Al-Arab,Jordan,Defender,DF,30,1.kr FC Seoul,1996,3,3,270,3.0,0,0,0,0,0,0,1,0,0.0,0.0
Maxi Araújo,Uruguay,Forward,FWMF,26,1.pt Sporting CP,2000,3,3,250,2.8,2,1,3,2,0,0,0,0,0.72,0.36
Tomás Araújo,Portugal,Defender,DF,24,1.pt Benfica,2002,1,1,90,1.0,0,0,0,0,0,0,1,0,0.0,0.0
Telmo Arcanjo,Cabo Verde,Midfielder,MF,24,1.pt Vit. Guimarães,2001,2,1,57,0.6,0,0,0,0,0,0,0,0,0.0,0.0
Álex Arce,Paraguay,Forward,FW,30,1.ar Ind. Rivadavia,1995,2,0,53,0.6,0,0,0,0,0,0,1,0,0.0,0.0
Carlens Arcus,Haiti,Midfielder,MFDF,29,1.fr Angers,1996,3,2,146,1.6,0,0,0,0,0,0,1,0,0.0,0.0
Max Arfsten,USA,Midfielder,MF,25,1.us Columbus Crew,2001,1,0,1,0.0,0,0,0,0,0,0,0,0,0.0,0.0
Jhon Arias,Colombia,Midfielder,MF,28,1.br Palmeiras,1997,5,5,377,4.2,1,0,1,1,0,0,1,0,0.24,0.0
Santiago Arias,Colombia,Defender,DF,34,1.ar Independiente,1992,1,1,86,1.0,0,0,0,0,0,0,0,0,0.0,0.0
Marko Arnautović,Austria,Forward,FW,37,1.rs Red Star,1989,4,1,144,1.6,2,0,2,1,1,1,1,0,1.25,0.0
Benjamin Asare,Ghana,Goalkeeper,GK,33,1.gh Accra Hearts of Oak,1992,3,2,225,2.5,0,0,0,0,0,0,0,0,0.0,0.0
Emam Ashour,Egypt,Midfielder,MF,28,1.eg Al Ahly,1998,5,5,362,4.0,2,0,2,2,0,0,0,0,0.5,0.0
Rustam Ashurmatov,Uzbekistan,Defender,DF,29,1.ir Esteghlal,1996,3,3,256,2.8,0,0,0,0,0,0,0,0,0.0,0.0
Lawrence Ati-Zigi,Ghana,Goalkeeper,GK,29,1.ch St. Gallen,1996,2,2,135,1.5,0,0,0,0,0,0,0,0,0.0,0.0
Marwan Attia,Egypt,Midfielder,MF,27,1.eg Al Ahly,1998,5,4,434,4.8,0,1,1,0,0,0,2,0,0.0,0.21
Fredrik Aursnes,Norway,Midfielder,MFDF,30,1.pt Benfica,1995,6,3,304,3.4,0,0,0,0,0,0,0,0,0.0,0.0
Gabriel Ávalos,Paraguay,Forward,FW,35,1.ar Independiente,1990,4,2,141,1.6,0,0,0,0,0,0,0,0,0.0,0.0
Yasin Ayari,Sweden,Midfielder,MF,22,1.eng Brighton,2003,4,4,339,3.8,2,0,2,2,0,0,1,0,0.53,0.0
Oğuz Aydın,Türkiye,Defender,DF,25,1.tr Fenerbahçe,2000,1,1,89,1.0,0,0,0,0,0,0,0,0,0.0,0.0
Jordan Ayew,Ghana,Forward,FW,34,2.eng Leicester City,1991,4,4,300,3.3,0,0,0,0,0,0,0,0,0.0,0.0
Kaan Ayhan,Türkiye,Defender,DFMF,31,1.tr Galatasaray,1994,1,0,3,0.0,1,0,1,1,0,0,0,0,30.0,0.0
Neil El Aynaoui,Morocco,Midfielder,MF,24,1.it Roma,2001,6,6,562,6.2,0,0,0,0,0,0,0,0,0.0,0.0
Ali Azaizeh,Jordan,Midfielder,MF,22,1.sa Al-Shabab,2004,3,1,54,0.6,0,0,0,0,0,0,0,0,0.0,0.0
Juninho Bacuna,Curaçao,Midfielder,MF,28,1.nl Volendam,1997,3,3,254,2.8,0,0,0,0,0,0,2,0,0.0,0.0
Leandro Bacuna,Curaçao,Midfielder,MF,34,2.tr 76 Iğdır Belediyespor,1991,3,3,270,3.0,0,0,0,0,0,0,1,0,0.0,0.0
Álex Baena,Spain,Midfielder,MFFW,24,1.es Atlético Madrid,2001,7,7,481,5.3,1,1,2,1,0,0,1,0,0.19,0.19
Esmir Bajraktarevic,Bosnia–Herz,Midfielder,MF,21,1.nl PSV,2005,4,2,230,2.6,0,0,0,0,0,0,0,0,0.0,0.0
Cédric Bakambu,Congo DR,Forward,FW,35,1.es Real Betis,1991,3,3,190,2.1,0,0,0,0,0,0,0,0,0.0,0.0
Fabián Balbuena,Paraguay,Defender,DF,34,1.br Grêmio,1991,1,0,1,0.0,0,0,0,0,0,0,0,0,0.0,0.0
Folarin Balogun,USA,Forward,FW,24,1.fr Monaco,2001,4,4,312,3.5,3,0,3,3,0,0,1,1,0.87,0.0
Simon Banza,Congo DR,Forward,FWMF,29,1.ae Al Jazira Club,1996,2,0,40,0.4,0,0,0,0,0,0,0,0,0.0,0.0
Yoel Bárcenas,Panama,Midfielder,MF,32,1.mx Mazatlán,1993,3,3,249,2.8,0,0,0,0,0,0,1,0,0.0,0.0
Valentín Barco,Argentina,Defender,DFMF,21,1.fr Strasbourg,2004,1,0,20,0.2,0,0,0,0,0,0,0,0,0.0,0.0
Bradley Barcola,France,Midfielder,MF,23,1.fr PSG,2002,8,4,384,4.3,3,1,4,3,0,0,1,0,0.7,0.23
Abdülkerim Bardakcı,Türkiye,Defender,DF,31,1.tr Galatasaray,1994,3,3,265,2.9,0,0,0,0,0,0,0,0,0.0,0.0
Ivan Bašić,Bosnia–Herz,Midfielder,MF,24,1.kz FC Astana,2002,3,2,179,2.0,0,1,1,0,0,0,0,0,0.0,0.5
Ahmed Basil,Iraq,Goalkeeper,GK,29,1.iq Al-Shorta,1996,2,2,135,1.5,0,0,0,0,0,0,0,0,0.0,0.0
Martin Baturina,Croatia,Midfielder,MFFW,23,1.it Como,2003,4,4,321,3.6,1,0,1,1,0,0,0,0,0.28,0.0
Ibrahim Bayesh,Iraq,Midfielder,MFFW,26,1.ae Al Dhafra SCC,2000,3,3,235,2.6,0,0,0,0,0,0,0,0,0.0,0.0
Samed Baždar,Bosnia–Herz,Forward,FW,22,1.de Gladbach,2004,1,0,29,0.3,0,0,0,0,0,0,0,0,0.0,0.0
Riechedly Bazoer,Curaçao,Defender,DF,29,1.tr Konyaspor,1996,1,1,90,1.0,0,0,0,0,0,0,0,0,0.0,0.0
Patrick Beach,Australia,Goalkeeper,GK,22,1.au Melb City,2003,4,4,388,4.3,0,0,0,0,0,0,0,0,0.0,0.0
Aziz Behich,Australia,Midfielder,MF,35,1.au Melb City,1990,3,2,217,2.4,0,0,0,0,0,0,0,0,0.0,0.0
Maximilian Beier,Germany,Forward,FWMF,23,1.de Dortmund,2002,1,0,27,0.3,0,0,0,0,0,0,0,0,0.0,0.0
Alireza Beiranvand,IR Iran,Goalkeeper,GK,33,1.ir Tractor,1992,3,3,270,3.0,0,0,0,0,0,0,0,0,0.0,0.0
Zineddine Belaïd,Algeria,Defender,DF,27,1.dz JS Kabylie,1999,2,0,25,0.3,0,0,0,0,0,0,0,0,0.0,0.0
Rafik Belghali,Algeria,Defender,DF,24,1.it Hellas Verona,2002,4,4,331,3.7,1,0,1,1,0,0,0,0,0.27,0.0
Joe Bell,New Zealand,Midfielder,MF,27,1.no Viking,1999,3,3,243,2.7,0,0,0,0,0,0,0,0,0.0,0.0
Jean-Ricner Bellegarde,Haiti,Midfielder,MF,27,1.eng Wolves,1998,3,3,260,2.9,0,0,0,0,0,0,1,0,0.0,0.0
Jude Bellingham,England,Midfielder,MF,22,1.es Real Madrid,2003,8,7,614,6.8,7,1,8,7,0,0,1,0,1.03,0.15
Mortadha Ben Ouanes,Tunisia,Defender,DFMF,31,1.tr Kasımpaşa,1994,1,0,23,0.3,0,0,0,0,0,0,0,0,0.0,0.0
Anis Ben Slimane,Tunisia,Midfielder,MFFW,25,2.eng Norwich City,2001,3,3,240,2.7,0,0,0,0,0,0,0,0,0.0,0.0
Oussama Benbot,Algeria,Goalkeeper,GK,31,1.dz USM Alger,1994,1,1,90,1.0,0,0,0,0,0,0,0,0,0.0,0.0
Nadhir Benbouali,Algeria,Forward,FW,26,1.hu Győr,2000,1,0,45,0.5,1,0,1,1,0,0,0,0,2.0,0.0
Gilson Benchimol,Cabo Verde,Forward,FW,24,1.ru Akron Tolyatti,2001,2,1,78,0.9,0,0,0,0,0,0,0,0,0.0,0.0
Ramy Bensebaini,Algeria,Defender,DF,31,1.de Dortmund,1995,4,4,360,4.0,0,0,0,0,0,0,0,0,0.0,0.0
Nabil Bentaleb,Algeria,Midfielder,MF,31,1.fr Lille,1994,4,3,285,3.2,0,0,0,0,0,0,0,0,0.0,0.0
Rodrigo Bentancur,Uruguay,Midfielder,MF,28,1.eng Tottenham,1997,3,3,270,3.0,0,0,0,0,0,0,1,0,0.0,0.0
Patrick Berg,Norway,Midfielder,MF,28,1.no Bodø/Glimt,1997,6,4,445,4.9,0,2,2,0,0,0,1,0,0.0,0.4
Sander Berge,Norway,Midfielder,MF,28,1.eng Fulham,1998,5,5,480,5.3,0,0,0,0,0,0,0,0,0.0,0.0
Lucas Bergvall,Sweden,Midfielder,MF,20,1.eng Tottenham,2006,4,1,181,2.0,0,1,1,0,0,0,1,0,0.0,0.5
Sebastian Berhalter,USA,Midfielder,MF,25,1.us Vancouver,2001,5,1,187,2.1,1,1,2,1,0,0,1,0,0.48,0.48
Alexander Bernhardsson,Sweden,Midfielder,MF,27,2.de Holstein Kiel,1998,3,3,217,2.4,0,0,0,0,0,0,0,0,0.0,0.0
Tyler Bindon,New Zealand,Defender,DF,21,2.eng Sheffield United,2005,3,1,97,1.1,0,0,0,0,0,0,0,0,0.0,0.0
César Blackman,Panama,Midfielder,MFDF,28,1.sk Slovan Bratislava,1998,2,2,178,2.0,0,0,0,0,0,0,1,0,0.0,0.0
Damián Bobadilla,Paraguay,Midfielder,MF,24,1.br São Paulo,2001,4,2,189,2.1,0,0,0,0,0,0,0,0,0.0,0.0
Oscar Bobb,Norway,Forward,FW,22,1.eng Fulham,2003,6,1,225,2.5,0,0,0,0,0,0,0,0,0.0,0.0
Moïse Bombito,Canada,Defender,DF,26,1.fr Nice,2000,3,2,193,2.1,0,0,0,0,0,0,0,0,0.0,0.0
Theo Bongonda,Congo DR,Forward,FWMF,30,1.ru Spartak Moscow,1995,2,0,34,0.4,0,0,0,0,0,0,0,0,0.0,0.0
Ange-Yoan Bonny,Côte d'Ivoire,Forward,FW,22,1.it Inter,2003,4,3,234,2.6,0,0,0,0,0,0,0,0,0.0,0.0
Jordy Bos,Australia,Midfielder,MFDF,23,1.nl Feyenoord,2002,4,4,308,3.4,0,0,0,0,0,0,1,0,0.0,0.0
Ayyoub Bouaddi,Morocco,Midfielder,MF,18,1.fr Lille,2007,5,5,381,4.2,0,0,0,0,0,0,0,0,0.0,0.0
Hicham Boudaoui,Algeria,Midfielder,MF,26,1.fr Nice,1999,3,2,128,1.4,0,0,0,0,0,0,1,0,0.0,0.0
Karim Boudiaf,Qatar,Midfielder,MF,35,1.qa Al Duhail SC,1990,2,1,102,1.1,0,0,0,0,0,0,0,0,0.0,0.0
Adil Boulbina,Algeria,Forward,FW,23,1.qa Al Duhail SC,2003,2,0,19,0.2,0,0,0,0,0,0,0,0,0.0,0.0
Yassine Bounou,Morocco,Goalkeeper,GK,35,1.sa Al-Hilal,1991,6,6,570,6.3,0,0,0,0,0,0,0,0,0.0,0.0
Nawaf Boushal,Saudi Arabia,Defender,DF,26,1.sa Al-Nassr,1999,2,1,91,1.0,0,0,0,0,0,0,0,0,0.0,0.0
Michael Boxall,New Zealand,Defender,DF,37,1.us Minnesota Utd,1988,3,2,207,2.3,0,0,0,0,0,0,0,0,0.0,0.0
Sultan Al-Brake,Qatar,Defender,DF,30,1.qa Al Duhail SC,1996,2,1,141,1.6,0,0,0,0,0,0,0,0,0.0,0.0
Joshua Brenet,Curaçao,Defender,DF,32,1.tr Kayserispor,1994,2,2,179,2.0,0,0,0,0,0,0,0,0,0.0,0.0
Brian Brobbey,Netherlands,Forward,FW,24,1.eng Sunderland,2002,4,3,223,2.5,3,0,3,3,0,0,0,0,1.21,0.0
Dylan Bronn,Tunisia,Defender,DF,30,1.ch Servette FC,1995,1,1,45,0.5,0,0,0,0,0,0,0,0,0.0,0.0
Nathaniel Brown,Germany,Defender,DF,22,1.de Frankfurt,2003,3,3,282,3.1,1,1,2,1,0,0,0,0,0.32,0.32
Tajon Buchanan,Canada,Midfielder,MF,27,1.es Villarreal,1999,5,5,376,4.2,0,0,0,0,0,0,0,0,0.0,0.0
Ante Budimir,Croatia,Forward,FW,34,1.es Osasuna,1991,3,2,155,1.7,1,0,1,1,0,0,0,0,0.58,0.0
Firas Al-Buraikan,Saudi Arabia,Forward,FW,26,1.sa Al-Ahli,2000,3,3,238,2.6,0,0,0,0,0,0,1,0,0.0,0.0
Cameron Burgess,Australia,Defender,DF,30,2.eng Swansea City,1995,2,2,135,1.5,0,0,0,0,0,0,0,0,0.0,0.0
Dan Burn,England,Defender,DF,34,1.eng Newcastle,1992,3,0,35,0.4,0,0,0,0,0,0,0,0,0.0,0.0
Dženis Burnić,Bosnia–Herz,Midfielder,MF,28,2.de Karlsruher,1998,2,0,16,0.2,0,0,0,0,0,0,0,0,0.0,0.0
Gustavo Caballero,Paraguay,Forward,FWMF,24,2.eng Portsmouth,2001,2,0,96,1.1,0,0,0,0,0,0,0,0,0.0,0.0
Jovane Cabral,Cabo Verde,Forward,FW,28,1.pt Estrela,1998,2,2,139,1.5,0,0,0,0,0,0,0,0,0.0,0.0
Liberato Cacace,New Zealand,Defender,DF,25,2.eng Wrexham,2000,3,3,220,2.4,0,0,0,0,0,0,0,0,0.0,0.0
Juan Cáceres,Paraguay,Defender,DF,26,1.ru Dynamo Moskva,2000,5,5,436,4.8,0,0,0,0,0,0,1,0,0.0,0.0
Sebastián Cáceres,Uruguay,Defender,DF,26,1.mx América,1999,3,3,270,3.0,0,0,0,0,0,0,0,0,0.0,0.0
Jordy Caicedo,Ecuador,Forward,FW,28,1.ar Huracán,1997,3,0,20,0.2,0,0,0,0,0,0,0,0,0.0,0.0
Moisés Caicedo,Ecuador,Midfielder,MF,24,1.eng Chelsea,2001,4,4,360,4.0,0,0,0,0,0,0,1,0,0.0,0.0
Uğurcan Çakır,Türkiye,Goalkeeper,GK,30,1.tr Galatasaray,1996,3,3,270,3.0,0,0,0,0,0,0,0,0,0.0,0.0
Hakan Çalhanoğlu,Türkiye,Midfielder,MF,32,1.it Inter,1994,2,2,180,2.0,0,0,0,0,0,0,0,0,0.0,0.0
Lamine Camara,Senegal,Midfielder,MF,22,1.fr Monaco,2004,4,3,248,2.8,0,1,1,0,0,0,1,0,0.0,0.36
Jaminton Campaz,Colombia,Forward,FWMF,26,1.ar Rosario Central,2000,3,0,75,0.8,1,0,1,1,0,0,0,0,1.2,0.0
İrfan Can Kahveci,Türkiye,Midfielder,MF,30,1.tr Kasımpaşa,1995,1,0,1,0.0,0,0,0,0,0,0,0,0,0.0,0.0
José Canale,Paraguay,Defender,DF,29,1.ar Lanús,1996,4,1,161,1.8,0,0,0,0,0,0,0,0,0.0,0.0
João Cancelo,Portugal,Defender,DF,32,1.es Barcelona,1994,5,5,312,3.5,0,1,1,0,0,0,0,0,0.0,0.29
Agustín Canobbio,Uruguay,Forward,FW,27,1.br Fluminense,1998,3,2,224,2.5,1,0,1,1,0,0,0,1,0.4,0.0
Casemiro,Brazil,Midfielder,MF,34,1.eng Manchester Utd,1992,5,5,379,4.2,1,0,1,1,0,0,2,0,0.24,0.0
Josué Casimir,Haiti,Midfielder,MF,24,1.fr Auxerre,2001,3,2,182,2.0,0,0,0,0,0,0,1,0,0.0,0.0
Timothy Castagne,Belgium,Defender,DF,30,1.eng Fulham,1995,6,5,478,5.3,0,1,1,0,0,0,1,0,0.0,0.19
Kevin Castaño,Colombia,Midfielder,MF,25,1.ar River Plate,2000,2,0,16,0.2,0,0,0,0,0,0,0,0,0.0,0.0
Jens Castrop,Korea Republic,Midfielder,MF,22,1.de Gladbach,2003,1,0,45,0.5,0,0,0,0,0,0,0,0,0.0,0.0
Zeki Çelik,Türkiye,Defender,DF,29,1.it Roma,1997,2,2,163,1.8,0,0,0,0,0,0,0,0,0.0,0.0
Lukáš Červ,Czechia,Midfielder,MF,25,1.cz Viktoria Plzeň,2001,2,2,163,1.8,0,0,0,0,0,0,0,0,0.0,0.0
Fares Chaïbi,Algeria,Midfielder,MF,23,1.de Frankfurt,2002,4,4,360,4.0,0,0,0,0,0,0,1,0,0.0,0.0
Trevoh Chalobah,England,Defender,DFMF,26,1.eng Chelsea,1999,1,0,1,0.0,0,0,0,0,0,0,0,0,0.0,0.0
Štěpán Chaloupek,Czechia,Defender,DF,23,1.cz Slavia Prague,2003,1,1,90,1.0,0,0,0,0,0,0,0,0,0.0,0.0
Mouhib Chamakh,Tunisia,Goalkeeper,GK,24,1.tn Club Africain,2001,1,1,90,1.0,0,0,0,0,0,0,0,0,0.0,0.0
Firas Chaouat,Tunisia,Forward,FW,30,1.tn Club Africain,1996,3,0,49,0.5,0,0,0,0,0,0,0,0,0.0,0.0
Luis Chávez,Mexico,Midfielder,MF,30,1.ru Dynamo Moskva,1996,1,0,25,0.3,0,0,0,0,0,0,0,0,0.0,0.0
Mateo Chávez,Mexico,Defender,DF,22,1.nl AZ Alkmaar,2004,1,1,77,0.9,1,0,1,1,0,0,0,0,1.17,0.0
Samir Chergui,Algeria,Defender,DF,27,1.fr Paris FC,1999,1,0,20,0.2,0,0,0,0,0,0,0,0,0.0,0.0
Rayan Cherki,France,Midfielder,MF,22,1.eng Manchester City,2003,7,1,130,1.4,0,0,0,0,0,0,0,0,0.0,0.0
Mathieu Choinière,Canada,Midfielder,MF,27,1.us LAFC,1999,1,1,57,0.6,0,0,0,0,0,0,0,0,0.0,0.0
Tahith Chong,Curaçao,Midfielder,MF,26,2.eng Sheffield United,1999,3,3,247,2.7,0,0,0,0,0,0,0,0,0.0,0.0
Tomáš Chorý,Czechia,Forward,FW,31,1.cz Slavia Prague,1995,2,0,31,0.3,0,0,0,0,0,0,0,0,0.0,0.0
Ryan Christie,Scotland,Midfielder,MF,31,1.eng Bournemouth,1995,3,1,95,1.1,0,0,0,0,0,0,1,0,0.0,0.0
Carney Chukwuemeka,Austria,Midfielder,MF,22,1.de Dortmund,2003,3,0,83,0.9,0,0,0,0,0,0,0,0,0.0,0.0
Mojmír Chytil,Czechia,Forward,FW,27,1.cz Slavia Prague,1999,1,0,7,0.1,0,0,0,0,0,0,0,0,0.0,0.0
Brian Cipenga,Congo DR,Midfielder,MFFW,28,2.es Castellón,1998,2,2,146,1.6,1,0,1,1,0,0,0,0,0.62,0.0
Alessandro Circati,Australia,Defender,DF,22,1.it Parma,2003,4,4,390,4.3,0,0,0,0,0,0,1,0,0.0,0.0
Pathé Ciss,Senegal,Defender,DF,32,1.es Rayo Vallecano,1994,4,1,184,2.0,0,0,0,0,0,0,0,0,0.0,0.0
Livano Comenencia,Curaçao,Midfielder,MF,22,1.ch Zürich,2004,3,3,233,2.6,1,0,1,1,0,0,1,0,0.39,0.0
Eray Cömert,Switzerland,Defender,DF,28,1.es Valencia,1998,1,0,31,0.3,0,0,0,0,0,0,0,0,0.0,0.0
Francisco Conceição,Portugal,Midfielder,MF,23,1.it Juventus,2002,4,0,126,1.4,0,0,0,0,0,0,0,0,0.0,0.0
Jhon Córdoba,Colombia,Forward,FW,33,1.ru Krasnodar,1993,3,2,99,1.1,0,0,0,0,0,0,0,0,0.0,0.0
José Córdoba,Panama,Defender,DF,25,2.eng Norwich City,2001,3,3,270,3.0,0,0,0,0,0,0,0,0,0.0,0.0
Derek Cornelius,Canada,Defender,DF,28,1.fr Marseille,1997,4,4,315,3.5,0,0,0,0,0,0,1,0,0.0,0.0
Diogo Costa,Portugal,Goalkeeper,GK,26,1.pt Porto,1999,5,5,450,5.0,0,0,0,0,0,0,0,0,0.0,0.0
Nuno da Costa,Cabo Verde,Forward,FW,35,1.tr Başakşehir,1991,4,1,159,1.8,0,0,0,0,0,0,0,0,0.0,0.0
Samu Costa,Portugal,Midfielder,MF,25,1.es Mallorca,2000,1,0,21,0.2,0,0,0,0,0,0,0,0,0.0,0.0
Vladimír Coufal,Czechia,Midfielder,MFDF,33,1.de Hoffenheim,1992,3,3,270,3.0,0,1,1,0,0,0,0,0,0.0,0.33
Thibaut Courtois,Belgium,Goalkeeper,GK,34,1.es Real Madrid,1992,6,6,550,6.1,0,0,0,0,0,0,0,0,0.0,0.0
Maxime Crépeau,Canada,Goalkeeper,GK,32,1.us Orlando City,1994,5,5,450,5.0,0,0,0,0,0,0,0,0,0.0,0.0
Max Crocombe,New Zealand,Goalkeeper,GK,32,2.eng Millwall,1993,3,3,270,3.0,0,0,0,0,0,0,0,0,0.0,0.0
Pau Cubarsí,Spain,Defender,DF,19,1.es Barcelona,2007,8,8,750,8.3,0,0,0,0,0,0,1,0,0.0,0.0
Andrés Cubas,Paraguay,Midfielder,MF,30,1.us Vancouver,1996,5,5,480,5.3,0,0,0,0,0,0,1,0,0.0,0.0
Cucho,Colombia,Forward,FWMF,27,1.es Real Betis,1999,2,0,50,0.6,0,1,1,0,0,0,0,0,0.0,1.8
Marc Cucurella,Spain,Defender,DF,27,1.eng Chelsea,1998,8,8,750,8.3,0,2,2,0,0,0,1,0,0.0,0.24
Matheus Cunha,Brazil,Forward,FW,27,1.eng Manchester Utd,1999,5,4,290,3.2,3,0,3,3,0,0,0,0,0.93,0.0
Findlay Curtis,Scotland,Midfielder,MF,19,1.sct Kilmarnock,2006,2,0,9,0.1,0,0,0,0,0,0,1,0,0.0,0.0
Aymen Dahmen,Tunisia,Goalkeeper,GK,29,1.tn Ahly Sfaxien,1997,2,2,180,2.0,0,0,0,0,0,0,0,0,0.0,0.0
Diogo Dalot,Portugal,Defender,DFMF,27,1.eng Manchester Utd,1999,2,0,65,0.7,0,0,0,0,0,0,0,0,0.0,0.0
Danilo,Brazil,Defender,DF,34,1.br Flamengo,1991,5,4,405,4.5,0,0,0,0,0,0,2,0,0.0,0.0
Kevin Danso,Austria,Defender,DF,27,1.eng Tottenham,1998,4,2,241,2.7,0,0,0,0,0,0,0,0,0.0,0.0
Vladimír Darida,Czechia,Midfielder,MF,35,1.cz Hradec Králové,1990,1,1,54,0.6,0,0,0,0,0,0,0,0,0.0,0.0
Jonathan David,Canada,Forward,FW,26,1.it Juventus,2000,5,5,420,4.7,3,0,3,3,0,0,1,0,0.64,0.0
Promise David,Canada,Forward,FW,24,1.be Union SG,2001,4,0,80,0.9,1,1,2,1,0,0,0,0,1.13,1.13
Alphonso Davies,Canada,Defender,DFFW,25,1.de Bayern Munich,2000,1,0,16,0.2,0,0,0,0,0,0,0,0,0.0,0.0
Erick Davis,Panama,Defender,DF,35,1.pa Plaza Amador,1991,2,0,4,0.0,0,0,0,0,0,0,0,0,0.0,0.0
Nasser Al-Dawsari,Saudi Arabia,Midfielder,MF,27,1.sa Al-Hilal,1998,3,2,207,2.3,0,0,0,0,0,0,1,0,0.0,0.0
Salem Al-Dawsari,Saudi Arabia,Midfielder,MF,34,1.sa Al-Hilal,1991,3,3,245,2.7,0,0,0,0,0,0,1,0,0.0,0.0
Mohammad Al-Dawud,Jordan,Forward,FWMF,34,1.jo Al-Wehdat SC,1992,1,0,3,0.0,0,0,0,0,0,0,0,0,0.0,0.0
Kevin De Bruyne,Belgium,Midfielder,MF,34,1.it Napoli,1991,5,5,382,4.2,1,0,1,1,0,0,1,0,0.24,0.0
Maxim De Cuyper,Belgium,Defender,DF,25,1.eng Brighton,2000,6,5,442,4.9,0,0,0,0,0,0,1,0,0.0,0.0
Luc De Fougerolles,Canada,Defender,DF,20,1.eng Fulham,2005,5,4,372,4.1,0,0,0,0,0,0,2,0,0.0,0.0
Charles De Ketelaere,Belgium,Forward,FWMF,25,1.it Atalanta,2001,5,5,350,3.9,3,1,4,3,0,0,0,0,0.77,0.26
Nicolás De La Cruz,Uruguay,Midfielder,MF,29,1.br Flamengo,1997,3,0,86,1.0,0,0,0,0,0,0,1,0,0.0,0.0
Rodrigo De Paul,Argentina,Midfielder,MF,32,1.us Inter Miami,1994,7,6,491,5.5,0,1,1,0,0,0,1,0,0.0,0.18
Amar Dedić,Bosnia–Herz,Defender,DF,23,1.pt Benfica,2002,3,3,270,3.0,0,0,0,0,0,0,1,0,0.0,0.0
Louicius Deedson,Haiti,Midfielder,MF,25,1.us FC Dallas,2001,3,1,112,1.2,0,0,0,0,0,0,0,0,0.0,0.0
Hannes Delcroix,Haiti,Defender,DF,27,1.ch Lugano,1999,3,3,270,3.0,0,0,0,0,0,0,0,0,0.0,0.0
Ousmane Dembélé,France,Midfielder,MF,29,1.fr PSG,1997,8,7,592,6.6,6,2,8,6,0,0,0,0,0.91,0.3
Merih Demiral,Türkiye,Defender,DF,28,1.sa Al-Ahli,1998,2,2,180,2.0,0,0,0,0,0,0,0,0,0.0,0.0
Ermedin Demirović,Bosnia–Herz,Forward,FW,28,1.de Stuttgart,1998,4,4,354,3.9,0,0,0,0,0,0,1,0,0.0,0.0
Sergiño Dest,USA,Midfielder,MF,25,1.nl PSV,2000,5,4,297,3.3,0,0,0,0,0,0,0,0,0.0,0.0
Frans Dhia Putros,Iraq,Defender,DF,32,1.id Persib Bandung,1993,1,1,90,1.0,0,0,0,0,0,0,0,0,0.0,0.0
Oumar Diakité,Côte d'Ivoire,Forward,FW,22,1.be Cercle Brugge,2003,2,0,28,0.3,0,0,0,0,0,0,0,0,0.0,0.0
Amad Diallo,Côte d'Ivoire,Midfielder,MFFW,23,1.eng Manchester Utd,2002,4,2,185,2.1,2,0,2,2,0,0,0,0,0.97,0.0
Assane Diao,Senegal,Midfielder,MF,20,1.it Como,2005,1,0,10,0.1,0,0,0,0,0,0,0,0,0.0,0.0
Habib Diarra,Senegal,Midfielder,MF,22,1.eng Sunderland,2004,3,2,143,1.6,2,0,2,2,0,0,0,0,1.26,0.0
Rúben Dias,Portugal,Defender,DF,29,1.eng Manchester City,1997,4,4,360,4.0,0,0,0,0,0,0,1,0,0.0,0.0
Krépin Diatta,Senegal,Defender,DF,27,1.fr Monaco,1999,4,4,390,4.3,0,0,0,0,0,0,0,0,0.0,0.0
Mory Diaw,Senegal,Goalkeeper,GK,32,1.fr Le Havre,1993,3,2,238,2.6,0,0,0,0,0,0,0,0,0.0,0.0
Brahim Díaz,Morocco,Midfielder,MF,26,1.es Real Madrid,1999,6,6,457,5.1,0,4,4,0,0,0,0,0,0.0,0.79
Ismael Díaz,Panama,Forward,FWMF,29,1.mx León,1997,2,0,37,0.4,0,0,0,0,0,0,0,0,0.0,0.0
Luis Díaz,Colombia,Forward,FWMF,29,1.de Bayern Munich,1997,5,5,478,5.3,1,1,2,1,0,0,0,0,0.19,0.19
Bamba Dieng,Senegal,Forward,FW,26,1.fr Lorient,2000,1,0,8,0.1,0,0,0,0,0,0,0,0,0.0,0.0
Lucas Digne,France,Defender,DF,32,1.eng Aston Villa,1993,6,5,463,5.1,0,0,0,0,0,0,0,0,0.0,0.0
Diney,Cabo Verde,Defender,DF,31,1.ae Al Bataeh,1995,4,4,390,4.3,0,0,0,0,0,0,1,0,0.0,0.0
Ousmane Diomande,Côte d'Ivoire,Defender,DF,22,1.pt Sporting CP,2003,1,1,90,1.0,0,0,0,0,0,0,0,0,0.0,0.0
Yan Diomandé,Côte d'Ivoire,Midfielder,MFFW,19,1.de RB Leipzig,2006,4,4,329,3.7,0,1,1,0,0,0,0,0,0.0,0.27
Issa Diop,Morocco,Defender,DF,29,1.eng Fulham,1997,5,5,476,5.3,1,0,1,1,0,0,3,0,0.19,0.0
El Hadji Malick Diouf,Senegal,Defender,DF,21,1.eng West Ham,2004,3,2,171,1.9,0,0,0,0,0,0,0,0,0.0,0.0
Ritsu Doan,Japan,Midfielder,MF,27,1.de Frankfurt,1998,4,4,278,3.1,0,1,1,0,0,0,0,0,0.0,0.32
Jeremy Doku,Belgium,Midfielder,MF,24,1.eng Manchester City,2002,5,4,309,3.4,0,0,0,0,0,0,0,0,0.0,0.0
Merchas Doski,Iraq,Defender,DF,26,1.cz Viktoria Plzeň,1999,3,3,270,3.0,0,0,0,0,0,0,1,0,0.0,0.0
David Douděra,Czechia,Midfielder,MF,28,1.cz Slavia Prague,1998,1,1,90,1.0,0,0,0,0,0,0,0,0,0.0,0.0
Désiré Doué,France,Midfielder,MF,21,1.fr PSG,2005,8,4,400,4.4,1,1,2,1,0,0,0,0,0.23,0.23
Guéla Doué,Côte d'Ivoire,Defender,DF,23,1.fr Strasbourg,2002,4,3,277,3.1,0,0,0,0,0,0,1,0,0.0,0.0
Deroy Duarte,Cabo Verde,Midfielder,MF,26,1.bg Ludogorets,1999,4,2,264,2.9,1,0,1,1,0,0,0,0,0.34,0.0
Laros Duarte,Cabo Verde,Midfielder,MF,29,1.hu Puskás Akad.,1997,4,2,166,1.8,0,0,0,0,0,0,0,0,0.0,0.0
Denzel Dumfries,Netherlands,Defender,DFMF,30,1.it Inter,1996,4,4,390,4.3,0,2,2,0,0,0,0,0,0.0,0.46
Jean-Kevin Duverne,Haiti,Defender,DF,28,1.be Gent,1997,2,2,169,1.9,0,1,1,0,0,0,0,0,0.0,0.53
Lyndon Dykes,Scotland,Forward,FWMF,30,2.eng Charlton Athletic,1995,2,0,36,0.4,0,0,0,0,0,0,0,0,0.0,0.0
Edin Džeko,Bosnia–Herz,Forward,FW,40,2.de Schalke 04,1986,3,3,176,2.0,0,0,0,0,0,0,1,0,0.0,0.0
Roshon van Eijma,Curaçao,Defender,DF,28,2.nl RKC Waalwijk,1998,1,0,15,0.2,0,0,0,0,0,0,0,0,0.0,0.0
Anthony Elanga,Sweden,Midfielder,MFFW,24,1.eng Newcastle,2002,4,2,217,2.4,2,0,2,2,0,0,0,0,0.83,0.0
Meschak Elia,Congo DR,Forward,FWMF,28,1.tr Alanyaspor,1997,2,0,46,0.5,0,1,1,0,0,0,0,0,0.0,1.96
Callan Elliot,New Zealand,Defender,DF,26,1.au Auckland FC,1999,1,0,13,0.1,0,0,0,0,0,0,0,0,0.0,0.0
Eren Elmalı,Türkiye,Defender,DF,25,1.tr Galatasaray,2000,2,1,111,1.2,0,0,0,0,0,0,1,0,0.0,0.0
Nico Elvedi,Switzerland,Defender,DF,29,1.de Gladbach,1996,6,6,600,6.7,0,0,0,0,0,0,1,0,0.0,0.0
Breel Embolo,Switzerland,Forward,FW,29,1.fr Rennes,1997,6,6,501,5.6,2,2,4,1,1,1,2,1,0.36,0.36
Julio Enciso,Paraguay,Forward,FW,22,1.fr Strasbourg,2004,5,5,386,4.3,1,2,3,1,0,0,0,0,0.23,0.47
Endrick,Brazil,Forward,FW,19,1.fr Lyon,2006,4,0,114,1.3,0,0,0,0,0,0,0,0,0.0,0.0
Sherzod Esanov,Uzbekistan,Midfielder,MF,23,1.uz FK Bukhara Nurafshon,2003,1,0,1,0.0,0,0,0,0,0,0,0,0,0.0,0.0
Fidel Escobar,Panama,Defender,DF,31,1.cr Saprissa,1995,1,1,90,1.0,0,0,0,0,0,0,0,0,0.0,0.0
Pervis Estupiñán,Ecuador,Midfielder,MF,28,1.it Milan,1998,2,1,89,1.0,0,0,0,0,0,0,0,0,0.0,0.0
Derrick Etienne,Haiti,Forward,FWMF,29,1.us Toronto FC,1996,1,0,10,0.1,0,0,0,0,0,0,0,0,0.0,0.0
Stephen Eustáquio,Canada,Midfielder,MF,29,1.pt Porto,1996,5,4,392,4.4,1,0,1,1,0,0,0,0,0.23,0.0
Martin Expérience,Haiti,Defender,DFMF,27,2.fr Nancy,1999,3,3,270,3.0,0,0,0,0,0,0,0,0,0.0,0.0
Saeid Ezatolahi,IR Iran,Midfielder,MF,29,1.ae Al-Ahli Dubai FC,1996,3,3,264,2.9,0,0,0,0,0,0,2,0,0.0,0.0
Eberechi Eze,England,Midfielder,MF,27,1.eng Arsenal,1998,5,1,211,2.3,0,1,1,0,0,0,0,0,0.0,0.43
Fabinho,Brazil,Defender,DFMF,32,1.sa Al-Ittihad,1993,3,0,71,0.8,0,0,0,0,0,0,1,0,0.0,0.0
José Fajardo,Panama,Forward,FW,32,1.ec Univ Católica,1993,3,1,155,1.7,0,0,0,0,0,0,1,0,0.0,0.0
Odeh Al-Fakhouri,Jordan,Midfielder,MFFW,20,1.eg Pyramids FC,2005,3,2,148,1.6,0,0,0,0,0,0,0,0,0.0,0.0
Henrik Falchener,Norway,Defender,DF,23,1.no Viking,2003,1,1,65,0.7,0,0,0,0,0,0,0,0,0.0,0.0
Marko Farji,Iraq,Midfielder,MF,22,2.it Venezia,2004,2,0,54,0.6,0,0,0,0,0,0,0,0,0.0,0.0
Christian Fassnacht,Switzerland,Forward,FWMF,32,1.ch Young Boys,1993,1,0,6,0.1,0,0,0,0,0,0,0,0,0.0,0.0
Abdul Fatawu Issahaku,Ghana,Forward,FWMF,22,2.eng Leicester City,2004,4,0,132,1.5,0,0,0,0,0,0,1,0,0.0,0.0
Ahmed Fathy,Qatar,Midfielder,MF,33,1.qa Al-Arabi,1993,3,1,150,1.7,0,0,0,0,0,0,2,0,0.0,0.0
Hamdy Fathy,Egypt,Defender,DFMF,31,1.qa Al-Wakrah,1994,4,3,238,2.6,0,0,0,0,0,0,1,0,0.0,0.0
Ahmed Fatouh,Egypt,Defender,DF,28,1.eg Zamalek SC,1998,3,3,267,3.0,0,0,0,0,0,0,1,0,0.0,0.0
Abbosbek Fayzullayev,Uzbekistan,Midfielder,MF,22,1.tr Başakşehir,2003,3,3,220,2.4,1,0,1,1,0,0,0,0,0.41,0.0
João Félix,Portugal,Midfielder,MF,26,1.sa Al-Nassr,1999,3,3,201,2.2,0,0,0,0,0,0,0,0,0.0,0.0
Lewis Ferguson,Scotland,Midfielder,MF,26,1.it Bologna,1999,3,3,270,3.0,0,0,0,0,0,0,0,0,0.0,0.0
Bruno Fernandes,Portugal,Midfielder,MF,31,1.eng Manchester Utd,1994,5,5,422,4.7,0,1,1,0,0,0,0,0,0.0,0.21
Enzo Fernández,Argentina,Midfielder,MF,25,1.eng Chelsea,2001,7,7,659,7.3,2,0,2,2,0,0,2,1,0.27,0.0
Matias Fernandez-Pardo,Belgium,Forward,FWMF,21,1.fr Lille,2005,3,0,44,0.5,0,0,0,0,0,0,0,0,0.0,0.0
Álvaro Fidalgo,Mexico,Midfielder,MF,29,1.es Real Betis,1997,3,1,96,1.1,1,0,1,1,0,0,0,0,0.94,0.0
Sherel Floranus,Curaçao,Defender,DF,27,1.nl Zwolle,1998,3,3,270,3.0,0,0,0,0,0,0,0,0,0.0,0.0
Seko Fofana,Côte d'Ivoire,Midfielder,MF,31,1.pt Porto,1995,2,1,92,1.0,0,0,0,0,0,0,1,0,0.0,0.0
Yahia Fofana,Côte d'Ivoire,Goalkeeper,GK,25,1.tr Rizespor,2000,4,4,360,4.0,0,0,0,0,0,0,0,0,0.0,0.0
Deveron Fonville,Curaçao,Defender,DF,23,1.nl NEC Nijmegen,2003,3,3,241,2.7,0,0,0,0,0,0,0,0,0.0,0.0
Yassin Fortuné,Haiti,Forward,FWMF,27,2.pt Vizela,1999,1,0,6,0.1,0,0,0,0,0,0,0,0,0.0,0.0
Lyle Foster,South Africa,Forward,FW,25,1.eng Burnley,2000,1,1,55,0.6,0,0,0,0,0,0,0,0,0.0,0.0
Alan Franco,Ecuador,Defender,DF,27,1.br Atlético Mineiro,1998,4,4,251,2.8,0,0,0,0,0,0,2,0,0.0,0.0
Alex Freeman,USA,Defender,DF,21,1.es Villarreal,2004,5,4,374,4.2,1,1,2,1,0,0,0,0,0.24,0.24
Matt Freese,USA,Goalkeeper,GK,27,1.us NYCFC,1998,4,4,360,4.0,0,0,0,0,0,0,0,0,0.0,0.0
Remo Freuler,Switzerland,Midfielder,MF,34,1.it Bologna,1992,6,6,592,6.6,0,0,0,0,0,0,0,0,0.0,0.0
Marco Friedl,Austria,Defender,DF,28,1.de Werder Bremen,1998,1,0,24,0.3,0,0,0,0,0,0,0,0,0.0,0.0
Juriën Gaari,Curaçao,Defender,DF,32,2.sa Abha,1993,2,2,166,1.8,0,0,0,0,0,0,1,0,0.0,0.0
Jassem Gaber,Qatar,Midfielder,MF,24,1.qa Al Rayyan SC,2002,3,3,149,1.7,0,0,0,0,0,0,1,0,0.0,0.0
Cody Gakpo,Netherlands,Forward,FW,27,1.eng Liverpool,1999,4,4,368,4.1,3,1,4,3,0,0,0,0,0.73,0.24
Matías Galarza,Paraguay,Midfielder,MF,24,1.us Atlanta Utd,2002,4,4,388,4.3,1,1,2,1,0,0,2,0,0.23,0.23
Hernán Galíndez,Ecuador,Goalkeeper,GK,39,1.ar Huracán,1987,4,4,360,4.0,0,0,0,0,0,0,0,0,0.0,0.0
Jesús Gallardo,Mexico,Defender,DF,31,1.mx Toluca,1994,5,4,373,4.1,0,0,0,0,0,0,0,0,0.0,0.0
Ahmed Al-Ganehi,Qatar,Forward,FW,25,1.qa Al-Gharafa Sports Club,2000,1,0,36,0.4,0,0,0,0,0,0,0,0,0.0,0.0
Ben Gannon-Doak,Scotland,Midfielder,MF,20,1.eng Bournemouth,2005,3,2,186,2.1,0,0,0,0,0,0,0,0,0.0,0.0
Eric García,Spain,Defender,DFMF,25,1.es Barcelona,2001,1,0,22,0.2,0,0,0,0,0,0,0,0,0.0,0.0
Gavi,Spain,Forward,FW,21,1.es Barcelona,2004,2,1,76,0.8,0,0,0,0,0,0,0,0,0.0,0.0
Jason Geria,Australia,Defender,DF,33,2.jp Albirex Niigata,1993,2,0,62,0.7,0,0,0,0,0,0,0,0,0.0,0.0
Khalid Al Ghannam,Saudi Arabia,Midfielder,MF,25,1.sa Al-Ettifaq,2000,1,0,1,0.0,0,0,0,0,0,0,0,0,0.0,0.0
Ismaël Gharbi,Tunisia,Midfielder,MF,22,1.de Augsburg,2004,3,1,127,1.4,0,0,0,0,0,0,0,0,0.0,0.0
Mehdi Ghayedi,IR Iran,Forward,FW,27,1.ae Al-Nasr Dubai,1998,1,0,45,0.5,0,0,0,0,0,0,0,0,0.0,0.0
Farés Ghedjemis,Algeria,Forward,FWMF,23,2.it Frosinone,2002,1,0,1,0.0,0,0,0,0,0,0,0,0,0.0,0.0
Saman Ghoddos,IR Iran,Midfielder,MF,32,1.ae Al-Ittihad Kalba,1993,3,3,208,2.3,0,0,0,0,0,0,0,0,0.0,0.0
Mohammad Ghorbani,IR Iran,Midfielder,MF,25,1.ae Al-Wahda FC,2001,1,1,90,1.0,0,0,0,0,0,0,0,0,0.0,0.0
Lee Gi-hyuk,Korea Republic,Defender,DF,25,1.kr Gangwon FC,2000,3,3,270,3.0,0,0,0,0,0,0,1,0,0.0,0.0
Armin Gigovic,Bosnia–Herz,Midfielder,MF,24,1.ch Young Boys,2002,2,1,79,0.9,0,0,0,0,0,0,0,0,0.0,0.0
Orlando Gill,Paraguay,Goalkeeper,GK,26,1.py San Lorenzo,2000,5,5,480,5.3,0,0,0,0,0,0,0,0,0.0,0.0
Santiago Giménez,Mexico,Forward,FW,25,1.it Milan,2001,4,0,86,1.0,0,0,0,0,0,0,0,0,0.0,0.0
Aníbal Godoy,Panama,Midfielder,MF,36,1.us San Diego FC,1990,1,0,1,0.0,0,0,0,0,0,0,0,0,0.0,0.0
Andrés Gómez,Colombia,Midfielder,MF,23,1.br Vasco da Gama,2002,1,0,1,0.0,0,0,0,0,0,0,0,0,0.0,0.0
Diego Gómez,Paraguay,Midfielder,MF,23,1.eng Brighton,2003,4,4,304,3.4,0,0,0,0,0,0,2,0,0.0,0.0
Gustavo Gómez,Paraguay,Defender,DF,33,1.br Palmeiras,1993,5,5,480,5.3,0,0,0,0,0,0,0,0,0.0,0.0
Armando González,Mexico,Forward,FW,23,1.mx Guadalajara,2003,1,0,15,0.2,0,0,0,0,0,0,0,0,0.0,0.0
Nicolás González,Argentina,Midfielder,MF,28,1.es Atlético Madrid,1998,7,1,259,2.9,0,1,1,0,0,0,0,0,0.0,0.35
Anthony Gordon,England,Midfielder,MF,25,1.es Barcelona,2001,6,5,396,4.4,1,3,4,1,0,0,0,0,0.23,0.68
Leon Goretzka,Germany,Midfielder,MF,31,1.de Bayern Munich,1995,3,0,99,1.1,0,0,0,0,0,0,0,0,0.0,0.0
Kenji Gorré,Curaçao,Forward,FWMF,31,1.il Maccabi Haifa,1994,1,0,16,0.2,0,0,0,0,0,0,0,0,0.0,0.0
Keisuke Gotō,Japan,Forward,FW,21,1.be Sint-Truiden,2005,1,0,7,0.1,0,0,0,0,0,0,0,0,0.0,0.0
Amine Gouiri,Algeria,Forward,FW,26,1.fr Marseille,2000,4,3,251,2.8,1,0,1,1,0,0,0,0,0.36,0.0
Ryan Gravenberch,Netherlands,Midfielder,MF,24,1.eng Liverpool,2002,4,4,345,3.8,0,2,2,0,0,0,0,0,0.0,0.52
Michael Gregoritsch,Austria,Forward,FW,32,1.de Augsburg,1994,3,2,188,2.1,0,1,1,0,0,0,0,0,0.0,0.48
Florian Grillitsch,Austria,Defender,DFMF,30,1.pt Braga,1995,2,0,90,1.0,0,0,0,0,0,0,0,0,0.0,0.0
Pascal Groß,Germany,Defender,DFMF,34,1.eng Brighton,1991,1,0,18,0.2,0,0,0,0,0,0,0,0,0.0,0.0
Gabriel Gudmundsson,Sweden,Midfielder,MFDF,27,1.eng Leeds United,1999,4,4,330,3.7,0,0,0,0,0,0,1,0,0.0,0.0
Cho Gue-sung,Korea Republic,Forward,FW,28,1.dk Midtjylland,1998,2,0,31,0.3,0,0,0,0,0,0,1,0,0.0,0.0
Marc Guéhi,England,Defender,DF,25,1.eng Manchester City,2000,8,7,663,7.4,0,0,0,0,0,0,1,0,0.0,0.0
Evann Guessand,Côte d'Ivoire,Forward,FWMF,24,1.eng Crystal Palace,2001,2,0,17,0.2,0,0,0,0,0,0,0,0,0.0,0.0
Idrissa Gueye,Senegal,Midfielder,MF,36,1.eng Everton,1989,4,4,361,4.0,0,0,0,0,0,0,0,0,0.0,0.0
Pape Gueye,Senegal,Midfielder,MF,27,1.es Villarreal,1999,4,3,234,2.6,2,1,3,2,0,0,1,0,0.77,0.38
Bruno Guimarães,Brazil,Midfielder,MF,28,1.eng Newcastle,1997,5,5,416,4.6,0,4,4,0,0,1,0,0,0.0,0.87
Deniz Gül,Türkiye,Forward,FW,21,1.pt Porto,2004,2,0,37,0.4,0,0,0,0,0,0,0,0,0.0,0.0
Arda Güler,Türkiye,Midfielder,MF,21,1.es Real Madrid,2005,3,3,270,3.0,1,0,1,1,0,0,0,0,0.33,0.0
Angus Gunn,Scotland,Goalkeeper,GK,30,1.eng Nottingham,1996,3,3,270,3.0,0,0,0,0,0,0,0,0,0.0,0.0
Malo Gusto,France,Defender,DF,23,1.eng Chelsea,2003,5,1,121,1.3,0,0,0,0,0,0,0,0,0.0,0.0
Brian Gutiérrez,Mexico,Midfielder,MF,22,1.mx Guadalajara,2003,4,2,198,2.2,0,0,0,0,0,0,1,0,0.0,0.0
Jorge Gutiérrez,Panama,Defender,DF,27,1.ve Dep. La Guaira,1998,1,1,87,1.0,0,0,0,0,0,0,0,0,0.0,0.0
Joško Gvardiol,Croatia,Defender,DF,24,1.eng Manchester City,2002,4,2,139,1.5,0,0,0,0,0,0,0,0,0.0,0.0
Viktor Gyökeres,Sweden,Forward,FW,28,1.eng Arsenal,1998,4,4,360,4.0,1,2,3,1,0,0,1,0,0.25,0.5
Aziz Gʻaniyev,Uzbekistan,Midfielder,MF,28,,1998,2,1,122,1.4,0,0,0,0,0,0,0,0,0.0,0.0
Erling Haaland,Norway,Forward,FW,25,1.eng Manchester City,2000,5,5,465,5.2,7,0,7,7,0,0,0,0,1.35,0.0
Ihsan Haddad,Jordan,Defender,DF,32,1.jo Al-Hussein SC,1994,3,3,260,2.9,0,1,1,0,0,0,0,0,0.0,0.35
Anis Hadj Moussa,Algeria,Midfielder,MF,24,1.nl Feyenoord,2002,3,1,98,1.1,0,0,0,0,0,0,0,0,0.0,0.0
Jaouen Hadjam,Algeria,Defender,DF,23,1.ch Young Boys,2003,3,1,109,1.2,0,0,0,0,0,0,0,0,0.0,0.0
Amir Hadžiahmetović,Bosnia–Herz,Midfielder,MF,29,2.eng Hull City,1997,1,0,6,0.1,0,0,0,0,0,0,0,0,0.0,0.0
Dennis Hadžikadunić,Bosnia–Herz,Defender,DF,27,2.it Sampdoria,1998,1,0,27,0.3,0,1,1,0,0,0,0,0,0.0,3.33
Karim Hafez,Egypt,Defender,DF,30,1.eg Pyramids FC,1996,3,2,172,1.9,0,1,1,0,0,0,0,0,0.0,0.52
Ehsan Hajsafi,IR Iran,Defender,DF,36,1.ir Sepahan,1990,2,1,91,1.0,0,0,0,0,0,0,1,0,0.0,0.0
Achraf Hakimi,Morocco,Defender,DF,27,1.fr PSG,1998,6,6,570,6.3,1,2,3,1,0,0,1,0,0.16,0.32
Redouane Halhal,Morocco,Defender,DF,23,1.be Mechelen,2003,2,2,180,2.0,0,0,0,0,0,0,1,0,0.0,0.0
Ali Al Hamadi,Iraq,Forward,FW,24,2.eng Ipswich Town,2002,3,2,180,2.0,0,0,0,0,0,0,0,0,0.0,0.0
Abdullah Al-Hamdan,Saudi Arabia,Forward,FW,26,1.sa Al-Nassr,1999,3,0,71,0.8,0,0,0,0,0,0,0,0,0.0,0.0
Mohamed Amine Ben Hamida,Tunisia,Defender,DF,30,1.tn Espérance Tunis,1995,3,2,202,2.2,0,0,0,0,0,0,0,0,0.0,0.0
Odiljon Hamrobekov,Uzbekistan,Midfielder,MF,30,1.ir Tractor,1996,2,1,77,0.9,0,0,0,0,0,0,1,0,0.0,0.0
Lee Han-beom,Korea Republic,Defender,DF,23,1.dk Midtjylland,2002,3,3,270,3.0,0,0,0,0,0,0,0,0,0.0,0.0
Grant Hanley,Scotland,Defender,DF,34,1.sct Hibernian,1991,2,2,180,2.0,0,0,0,0,0,0,0,0,0.0,0.0
Sontje Hansen,Curaçao,Forward,FW,24,2.eng Middlesbrough,2002,1,1,45,0.5,0,0,0,0,0,0,0,0,0.0,0.0
Mohamed Hany,Egypt,Defender,DF,30,1.eg Al Ahly,1996,5,5,480,5.3,0,1,1,0,0,0,0,0,0.0,0.19
Moteb Al-Harbi,Saudi Arabia,Defender,DF,26,1.sa Al-Hilal,2000,3,2,188,2.1,0,0,0,0,0,0,0,0,0.0,0.0
Saleh Hardani,IR Iran,Defender,DF,27,1.ir Esteghlal,1998,2,1,90,1.0,0,0,0,0,0,0,0,0,0.0,0.0
Carlos Harvey,Panama,Midfielder,MF,26,1.us Minnesota Utd,2000,3,3,267,3.0,0,0,0,0,0,0,1,0,0.0,0.0
Akam Hashim,Iraq,Defender,DF,27,1.iq Al-Zawra'a SC,1998,3,3,270,3.0,0,0,0,0,0,0,0,0,0.0,0.0
Haissem Hassan,Egypt,Midfielder,MF,24,1.es Oviedo,2002,2,1,126,1.4,0,1,1,0,0,0,2,0,0.0,0.71
Jalal Hassan,Iraq,Goalkeeper,GK,35,1.iq Al-Zawra'a SC,1991,2,1,135,1.5,0,0,0,0,0,0,0,0,0.0,0.0
Abdulaziz Hatem,Qatar,Midfielder,MF,36,1.qa Al Rayyan SC,1990,1,0,45,0.5,0,0,0,0,0,0,0,0,0.0,0.0
Jorrel Hato,Netherlands,Defender,DF,20,1.eng Chelsea,2006,1,0,35,0.4,0,0,0,0,0,0,0,0,0.0,0.0
Kai Havertz,Germany,Forward,FW,27,1.eng Arsenal,1999,4,4,353,3.9,3,0,3,2,1,1,1,0,0.76,0.0
Hassan Al-Haydos,Qatar,Midfielder,MF,35,1.qa Al Sadd,1990,2,1,57,0.6,1,0,1,1,0,0,0,0,1.58,0.0
Jan Paul van Hecke,Netherlands,Defender,DF,26,1.eng Brighton,2000,4,4,390,4.3,1,0,1,1,0,0,0,0,0.23,0.0
Hwang Hee-chan,Korea Republic,Forward,FW,30,1.eng Wolves,1996,3,1,108,1.2,0,0,0,0,0,0,0,0,0.0,0.0
Torbjørn Heggem,Norway,Defender,DF,27,1.it Bologna,1999,5,5,443,4.9,0,0,0,0,0,0,0,0,0.0,0.0
Alaa Al Hejji,Saudi Arabia,Midfielder,MF,30,1.sa Neom,1995,2,0,32,0.4,0,0,0,0,0,0,0,0,0.0,0.0
Dean Henderson,England,Goalkeeper,GK,29,1.eng Crystal Palace,1997,1,1,90,1.0,0,0,0,0,0,0,0,0,0.0,0.0
Jordan Henderson,England,Midfielder,MF,35,1.eng Brentford,1990,1,0,7,0.1,0,0,0,0,0,0,1,0,0.0,0.0
Jack Hendry,Scotland,Defender,DF,31,1.sa Al-Ettifaq,1995,3,3,270,3.0,0,0,0,0,0,0,0,0,0.0,0.0
Luiz Henrique,Brazil,Forward,FWMF,25,1.ru Zenit,2001,1,0,29,0.3,0,0,0,0,0,0,0,0,0.0,0.0
Theo Hernández,France,Defender,DF,28,1.sa Al-Hilal,1997,5,3,257,2.9,0,0,0,0,0,0,0,0,0.0,0.0
Lucas Herrington,Australia,Defender,DF,18,1.us Colorado Rapids,2007,2,2,210,2.3,0,0,0,0,0,0,0,0,0.0,0.0
Son Heung-min,Korea Republic,Forward,FW,33,1.us LAFC,1992,3,2,169,1.9,0,0,0,0,0,0,0,0,0.0,0.0
Aaron Hickey,Scotland,Defender,DF,24,1.eng Brentford,2002,1,1,74,0.8,0,0,0,0,0,0,1,0,0.0,0.0
Isak Hien,Sweden,Defender,DF,27,1.it Atalanta,1999,3,3,216,2.4,0,0,0,0,0,0,1,0,0.0,0.0
Piero Hincapié,Ecuador,Defender,DF,24,1.eng Arsenal,2002,4,4,339,3.8,0,0,0,0,0,0,1,1,0.0,0.0
Adam Hložek,Czechia,Forward,FW,23,1.de Hoffenheim,2002,3,2,156,1.7,0,0,0,0,0,0,0,0,0.0,0.0
Tomáš Holeš,Czechia,Defender,DF,33,1.cz Slavia Prague,1993,2,2,153,1.7,0,0,0,0,0,0,0,0,0.0,0.0
Amirhossein Hosseinzadeh,IR Iran,Forward,FW,25,1.ir Tractor,2000,2,0,17,0.2,0,0,0,0,0,0,0,0,0.0,0.0
Robin Hranáč,Czechia,Defender,DF,26,1.de Hoffenheim,2000,3,3,270,3.0,0,0,0,0,0,0,0,0,0.0,0.0
Ajdin Hrustic,Australia,Midfielder,MF,29,1.nl Heracles Almelo,1996,2,0,80,0.9,0,0,0,0,0,0,0,0,0.0,0.0
César Huerta,Mexico,Forward,FWMF,25,1.be Anderlecht,2000,1,0,7,0.1,0,0,0,0,0,0,0,0,0.0,0.0
Al-Hashmi Al-Hussain,Qatar,Midfielder,MF,22,1.qa Al-Arabi,2003,1,0,32,0.4,0,0,0,0,0,0,0,0,0.0,0.0
Ayman Hussein,Iraq,Forward,FW,30,1.iq Al-Karma,1996,2,2,115,1.3,1,0,1,1,0,0,0,0,0.78,0.0
Oh Hyeon-gyu,Korea Republic,Forward,FW,25,1.tr Beşiktaş,2001,3,1,129,1.4,1,0,1,1,0,0,0,0,0.7,0.0
Yang Hyun-jun,Korea Republic,Forward,FWMF,24,1.sct Celtic,2002,1,0,20,0.2,0,0,0,0,0,0,0,0,0.0,0.0
Roger Ibanez,Brazil,Defender,DF,27,1.sa Al-Ahli,1998,1,1,45,0.5,0,0,0,0,0,0,1,0,0.0,0.0
Yasser Ibrahim,Egypt,Defender,DF,33,1.eg Al Ahly,1993,5,4,467,5.2,1,0,1,1,0,0,2,0,0.19,0.0
Borja Iglesias,Spain,Forward,FW,33,1.es Celta Vigo,1993,1,0,1,0.0,0,0,0,0,0,0,0,0,0.0,0.0
Hwang In-beom,Korea Republic,Midfielder,MF,29,1.nl Feyenoord,1996,3,3,263,2.9,1,1,2,1,0,0,0,0,0.34,0.34
Christ Inao Oulaï,Côte d'Ivoire,Midfielder,MF,20,1.tr Trabzonspor,2006,4,2,208,2.3,0,0,0,0,0,0,0,0,0.0,0.0
Zidane Iqbal,Iraq,Midfielder,MF,23,1.nl Utrecht,2003,3,2,188,2.1,0,0,0,0,0,0,0,0,0.0,0.0
Nestory Irankunda,Australia,Forward,FWMF,20,2.eng Watford,2006,4,3,261,2.9,1,0,1,1,0,0,0,0,0.34,0.0
Jackson Irvine,Australia,Midfielder,MF,33,1.de St Pauli,1993,4,2,223,2.5,0,0,0,0,0,0,1,0,0.0,0.0
Alexander Isak,Sweden,Forward,FW,26,1.eng Liverpool,1999,4,4,357,4.0,1,3,4,1,0,0,0,0,0.25,0.76
Wilson Isidor,Haiti,Forward,FW,25,1.eng Sunderland,2000,3,2,186,2.1,1,0,1,1,0,0,0,0,0.48,0.0
Jamshid Iskanderov,Uzbekistan,Forward,FWMF,32,1.uz Neftchi FK,1993,1,0,9,0.1,0,0,0,0,0,0,0,0,0.0,0.0
Zaid Ismail,Iraq,Midfielder,MF,24,1.iq Al-Talaba,2002,2,2,117,1.3,0,0,0,0,0,0,0,0,0.0,0.0
Ko Itakura,Japan,Defender,DF,29,1.nl Ajax,1997,2,2,128,1.4,0,1,1,0,0,0,0,0,0.0,0.7
Jacob Italiano,Australia,Defender,DF,24,1.at Grazer AK,2001,2,2,163,1.8,0,0,0,0,0,0,1,0,0.0,0.0
Hiroki Ito,Japan,Defender,DF,27,1.de Bayern Munich,1999,4,4,360,4.0,0,0,0,0,0,0,0,0,0.0,0.0
Junya Itō,Japan,Midfielder,MF,33,1.be Genk,1993,4,2,216,2.4,1,0,1,1,0,0,0,0,0.42,0.0
Cedric Itten,Switzerland,Forward,FWMF,29,2.de Düsseldorf,1996,3,0,42,0.5,0,0,0,0,0,0,0,0,0.0,0.0
Nicolas Jackson,Senegal,Forward,FW,24,1.de Bayern Munich,2001,4,2,234,2.6,0,1,1,0,0,0,0,0,0.0,0.38
Lee Jae-sung,Korea Republic,Forward,FW,33,1.de Mainz 05,1992,2,2,117,1.3,0,0,0,0,0,0,0,0,0.0,0.0
Alireza Jahanbakhsh,IR Iran,Forward,FWMF,32,1.be Dender,1993,2,0,46,0.5,0,0,0,0,0,0,0,0,0.0,0.0
Ismail Jakobs,Senegal,Defender,DF,26,1.tr Galatasaray,1999,3,2,219,2.4,0,0,0,0,0,0,0,0,0.0,0.0
Reece James,England,Defender,DF,26,1.eng Chelsea,1999,5,3,319,3.5,0,0,0,0,0,0,0,0,0.0,0.0
Amer Jamous,Jordan,Midfielder,MF,23,1.iq Al-Zawra'a SC,2002,1,0,15,0.2,0,0,0,0,0,0,0,0,0.0,0.0
Luca Jaquez,Switzerland,Defender,DF,23,1.de Stuttgart,2003,2,1,78,0.9,0,0,0,0,0,0,0,0,0.0,0.0
Ardon Jashari,Switzerland,Midfielder,MF,23,1.it Milan,2002,3,1,72,0.8,0,0,0,0,0,0,0,0,0.0,0.0
Ali Jasim,Iraq,Midfielder,MF,22,1.sa Al-Najma,2004,2,2,129,1.4,0,0,0,0,0,0,0,0,0.0,0.0
Danley Jean-Jacques,Haiti,Midfielder,MF,26,1.us Philadelphia,2000,3,3,259,2.9,0,0,0,0,0,0,1,0,0.0,0.0
Eom Ji-sung,Korea Republic,Midfielder,MF,24,2.eng Swansea City,2002,2,0,42,0.5,0,0,0,0,0,0,0,0,0.0,0.0
Raúl Jiménez,Mexico,Forward,FW,35,1.eng Fulham,1991,4,4,317,3.5,3,0,3,2,1,1,0,0,0.85,0.0
Kim Jin-gyu,Korea Republic,Midfielder,MF,29,1.kr Jeonbuk,1997,2,0,52,0.6,0,0,0,0,0,0,0,0,0.0,0.0
Park Jinseob,Korea Republic,Defender,DFMF,30,1.cn Zhejiang,1995,2,0,32,0.4,0,0,0,0,0,0,0,0,0.0,0.0
Ruslanbek Jiyanov,Uzbekistan,Forward,FW,25,1.uz Navbahor,2001,1,0,1,0.0,0,0,0,0,0,0,0,0,0.0,0.0
Alistair Johnston,Canada,Defender,DF,27,1.sct Celtic,1998,5,5,450,5.0,0,0,0,0,0,0,1,0,0.0,0.0
Frenkie de Jong,Netherlands,Midfielder,MF,29,1.es Barcelona,1997,4,4,328,3.6,0,0,0,0,0,0,0,0,0.0,0.0
Lenny Joseph,Haiti,Forward,FW,25,1.hu Ferencváros,2000,3,1,117,1.3,0,0,0,0,0,0,0,0,0.0,0.0
Edmilson Junior,Qatar,Midfielder,MFFW,31,1.qa Al Duhail SC,1994,3,3,210,2.3,0,1,1,0,0,0,0,0,0.0,0.43
Vinicius Júnior,Brazil,Forward,FW,25,1.es Real Madrid,2000,5,5,440,4.9,4,1,5,4,0,0,0,0,0.82,0.2
Elijah Just,New Zealand,Midfielder,MF,26,1.sct Motherwell,2000,3,3,264,2.9,3,0,3,3,0,0,1,0,1.02,0.0
Musab Al Juwayr,Saudi Arabia,Midfielder,MFFW,22,1.sa Al-Qadsiah,2003,3,2,152,1.7,0,0,0,0,0,0,0,0,0.0,0.0
Ayoub El Kaabi,Morocco,Forward,FW,32,1.gr Olympiacos,1993,1,1,69,0.8,0,0,0,0,0,0,0,0,0.0,0.0
Ozan Kabak,Türkiye,Defender,DF,26,1.de Hoffenheim,2000,1,1,90,1.0,0,0,0,0,0,0,0,0,0.0,0.0
Ferdi Kadioglu,Türkiye,Defender,DF,26,1.eng Brighton,1999,2,2,159,1.8,0,0,0,0,0,0,0,0,0.0,0.0
Kaku,Paraguay,Midfielder,MF,31,1.ae Al Ain,1995,1,0,11,0.1,0,0,0,0,0,0,0,0,0.0,0.0
Saša Kalajdžić,Austria,Forward,FW,28,1.at LASK,1997,3,1,77,0.9,1,0,1,1,0,0,0,0,1.17,0.0
Gédéon Kalulu,Congo DR,Defender,DF,28,1.cy Aris Limassol,1997,1,0,6,0.1,0,0,0,0,0,0,0,0,0.0,0.0
Daichi Kamada,Japan,Midfielder,MF,29,1.eng Crystal Palace,1996,4,4,329,3.7,2,0,2,2,0,0,1,0,0.55,0.0
Hossein Kanaanizadegan,IR Iran,Defender,DF,32,1.ir Persepolis,1994,2,2,135,1.5,0,0,0,0,0,0,1,0,0.0,0.0
Harry Kane,England,Forward,FW,32,1.de Bayern Munich,1993,7,7,652,7.2,6,1,7,4,2,2,0,0,0.83,0.14
Lee Kang-in,Korea Republic,Forward,FW,25,1.fr PSG,2001,3,3,270,3.0,0,1,1,0,0,0,1,0,0.0,0.33
Mohamed Kanno,Saudi Arabia,Midfielder,MF,31,1.sa Al-Hilal,1994,3,2,225,2.5,0,0,0,0,0,0,1,0,0.0,0.0
Steve Kapuadi,Congo DR,Defender,DF,28,1.pl Widzew Łódź,1998,2,2,180,2.0,0,0,0,0,0,0,0,0,0.0,0.0
Bekhruz Karimov,Uzbekistan,Defender,DF,18,1.uz FC Surkhon,2007,2,2,179,2.0,0,0,0,0,0,0,0,0,0.0,0.0
Jesper Karlström,Sweden,Midfielder,MF,30,1.it Udinese,1995,2,2,138,1.5,0,0,0,0,0,0,0,0,0.0,0.0
Gervane Kastaneer,Curaçao,Forward,FWMF,30,1.my Terengganu City,1996,3,0,30,0.3,0,0,0,0,0,0,2,0,0.0,0.0
Nikola Katić,Bosnia–Herz,Defender,DF,29,2.de Schalke 04,1996,4,4,317,3.5,0,0,0,0,0,0,1,0,0.0,0.0
Edo Kayembe,Congo DR,Midfielder,MF,28,2.eng Watford,1998,3,2,160,1.8,0,0,0,0,0,0,0,0,0.0,0.0
Joris Kayembe,Congo DR,Defender,DFFW,31,1.be Genk,1994,4,0,45,0.5,0,0,0,0,0,0,0,0,0.0,0.0
Franck Kessié,Côte d'Ivoire,Midfielder,MF,29,1.sa Al-Ahli,1996,4,4,346,3.8,1,0,1,1,0,0,1,0,0.26,0.0
Abdullah Al-Khaibari,Saudi Arabia,Midfielder,MF,29,1.sa Al-Nassr,1996,3,3,180,2.0,0,0,0,0,0,0,0,0,0.0,0.0
Shoja' Khalilzadeh,IR Iran,Defender,DF,37,1.ir Tractor,1989,3,3,270,3.0,0,0,0,0,0,0,1,0,0.0,0.0
Dostonbek Khamdamov,Uzbekistan,Midfielder,MF,29,1.uz Pakhtakor Tashkent FK,1996,2,1,103,1.1,0,0,0,0,0,0,0,0,0.0,0.0
Bilal El Khannouss,Morocco,Midfielder,MFFW,22,1.de Stuttgart,2004,6,6,461,5.1,0,0,0,0,0,0,1,0,0.0,0.0
Rani Khedira,Tunisia,Midfielder,MF,32,1.de Union Berlin,1994,3,2,149,1.7,0,0,0,0,0,0,1,0,0.0,0.0
Boualem Khoukhi,Qatar,Defender,DF,35,1.qa Al Sadd,1990,3,3,270,3.0,1,0,1,1,0,0,0,0,0.33,0.0
Abdukodir Khusanov,Uzbekistan,Defender,DF,22,1.eng Manchester City,2004,3,3,270,3.0,0,0,0,0,0,0,2,0,0.0,0.0
Joshua Kimmich,Germany,Defender,DF,31,1.de Bayern Munich,1995,4,4,351,3.9,0,2,2,0,0,0,0,0,0.0,0.51
Justin Kluivert,Netherlands,Forward,FWMF,27,1.eng Bournemouth,1999,2,0,27,0.3,0,0,0,0,0,0,0,0,0.0,0.0
Gregor Kobel,Switzerland,Goalkeeper,GK,28,1.de Dortmund,1997,6,6,600,6.7,0,0,0,0,0,0,0,0,0.0,0.0
Orkun Kökçü,Türkiye,Midfielder,MF,25,1.tr Beşiktaş,2000,3,2,153,1.7,0,1,1,0,0,0,0,0,0.0,0.59
Sead Kolašinac,Bosnia–Herz,Defender,DF,32,1.it Atalanta,1993,4,4,337,3.7,0,1,1,0,0,0,0,0,0.0,0.27
Ghislain Konan,Côte d'Ivoire,Defender,DF,30,1.pt Gil Vicente FC,1995,3,3,269,3.0,0,0,0,0,0,0,0,0,0.0,0.0
Ibrahima Konaté,France,Defender,DF,27,1.eng Liverpool,1999,2,1,60,0.7,0,0,0,0,0,0,0,0,0.0,0.0
Ismaël Koné,Canada,Midfielder,MF,23,1.it Sassuolo,2002,2,2,146,1.6,0,0,0,0,0,0,0,0,0.0,0.0
Manu Koné,France,Midfielder,MF,25,1.it Roma,2001,5,4,385,4.3,0,0,0,0,0,0,1,0,0.0,0.0
Ezri Konsa,England,Defender,DF,28,1.eng Aston Villa,1997,8,7,647,7.2,1,0,1,1,0,0,0,0,0.14,0.0
Teun Koopmeiners,Netherlands,Defender,DFMF,28,1.it Juventus,1998,4,0,122,1.4,0,0,0,0,0,0,0,0,0.0,0.0
Odilon Kossounou,Côte d'Ivoire,Defender,DF,25,1.it Atalanta,2001,4,3,272,3.0,0,0,0,0,0,0,0,0,0.0,0.0
Kalidou Koulibaly,Senegal,Defender,DF,34,1.sa Al-Hilal,1991,2,2,161,1.8,0,0,0,0,0,0,0,0,0.0,0.0
Jules Koundé,France,Defender,DF,27,1.es Barcelona,1998,8,7,599,6.7,0,0,0,0,0,0,0,0,0.0,0.0
Mateo Kovačić,Croatia,Midfielder,MF,32,1.eng Manchester City,1994,4,3,270,3.0,0,1,1,0,0,0,0,0,0.0,0.33
Matej Kovar,Czechia,Goalkeeper,GK,26,1.nl PSV,2000,3,3,270,3.0,0,0,0,0,0,0,0,0,0.0,0.0
Andrej Kramarić,Croatia,Forward,FWMF,34,1.de Hoffenheim,1991,3,0,59,0.7,0,0,0,0,0,0,0,0,0.0,0.0
Ladislav Krejčí,Czechia,Defender,DF,27,1.eng Wolves,1999,3,3,270,3.0,1,0,1,1,0,0,1,0,0.33,0.0
Takefusa Kubo,Japan,Midfielder,MF,25,1.es Real Sociedad,2001,1,1,74,0.8,0,1,1,0,0,0,0,0,0.0,1.22
Brandley Kuwas,Curaçao,Forward,FWMF,33,1.nl Volendam,1992,1,0,1,0.0,0,0,0,0,0,0,0,0,0.0,0.0
Prince Kwabena Adu,Ghana,Forward,FW,22,1.cz Viktoria Plzeň,2003,3,0,39,0.4,0,0,0,0,0,0,0,0,0.0,0.0
Maxence Lacroix,France,Defender,DF,26,1.eng Crystal Palace,2000,3,2,241,2.7,0,0,0,0,0,0,0,0,0.0,0.0
Gustaf Lagerbielke,Sweden,Defender,DF,26,1.pt Braga,2000,4,4,360,4.0,0,0,0,0,0,0,0,0,0.0,0.0
Konrad Laimer,Austria,Midfielder,MFDF,29,1.de Bayern Munich,1997,4,4,360,4.0,0,1,1,0,0,0,1,0,0.0,0.25
Ali Lajami,Saudi Arabia,Defender,DF,30,1.sa Al-Hilal,1996,3,1,149,1.7,0,0,0,0,0,0,0,0,0.0,0.0
Senne Lammens,Belgium,Goalkeeper,GK,23,1.eng Manchester Utd,2002,1,0,20,0.2,0,0,0,0,0,0,0,0,0.0,0.0
Noa Lang,Netherlands,Forward,FWMF,26,1.tr Galatasaray,1999,2,0,8,0.1,0,0,0,0,0,0,0,0,0.0,0.0
Sondre Langås,Norway,Defender,DF,25,2.eng Derby County,2001,1,0,25,0.3,0,0,0,0,0,0,0,0,0.0,0.0
Aymeric Laporte,Spain,Defender,DF,32,1.es Athletic Club,1994,8,8,727,8.1,0,1,1,0,0,0,1,0,0.0,0.12
Cyle Larin,Canada,Forward,FW,31,1.es Mallorca,1995,4,2,190,2.1,2,0,2,2,0,0,2,0,0.95,0.0
Richie Laryea,Canada,Defender,DF,31,1.us Toronto FC,1995,5,5,429,4.8,0,0,0,0,0,0,1,0,0.0,0.0
Mohanad Lasheen,Egypt,Midfielder,MF,30,,1996,4,4,359,4.0,0,0,0,0,0,0,2,0,0.0,0.0
Issa Laye,Qatar,Midfielder,MFDF,28,1.qa Al-Arabi,1997,3,3,270,3.0,0,0,0,0,0,0,0,0,0.0,0.0
Rafael Leão,Portugal,Midfielder,MF,27,1.it Milan,1999,5,1,158,1.8,1,1,2,1,0,0,0,0,0.57,0.57
Mathew Leckie,Australia,Midfielder,MF,35,1.au Melb City,1991,1,1,60,0.7,0,0,0,0,0,0,0,0,0.0,0.0
Jefferson Lerma,Colombia,Midfielder,MF,31,1.eng Crystal Palace,1994,5,5,410,4.6,0,0,0,0,0,0,1,0,0.0,0.0
Jamie Leweling,Germany,Forward,FWMF,25,1.de Stuttgart,2001,1,0,31,0.3,0,0,0,0,0,0,0,0,0.0,0.0
Philipp Lienhart,Austria,Defender,DF,29,1.de Freiburg,1996,2,2,180,2.0,0,0,0,0,0,0,0,0,0.0,0.0
Victor Lindelöf,Sweden,Defender,DFMF,31,1.eng Aston Villa,1994,4,4,356,4.0,0,0,0,0,0,0,0,0,0.0,0.0
Erik Lira,Mexico,Midfielder,MF,26,1.mx Cruz Azul,2000,4,4,345,3.8,0,1,1,0,0,0,0,0,0.0,0.26
Dominik Livaković,Croatia,Goalkeeper,GK,31,1.hr Dinamo Zagreb,1995,4,4,360,4.0,0,0,0,0,0,0,0,0,0.0,0.0
Dailon Livramento,Cabo Verde,Forward,FW,25,1.pt Casa Pia,2001,3,2,174,1.9,0,0,0,0,0,0,0,0,0.0,0.0
Marcos Llorente,Spain,Defender,DF,31,1.es Atlético Madrid,1995,3,2,187,2.1,0,1,1,0,0,0,0,0,0.0,0.48
Giovani Lo Celso,Argentina,Midfielder,MF,30,1.es Real Betis,1996,1,1,59,0.7,1,0,1,1,0,0,0,0,1.53,0.0
Jürgen Locadia,Curaçao,Forward,FW,32,2.us Miami FC,1993,3,3,235,2.6,0,0,0,0,0,0,0,0,0.0,0.0
Azarías Londoño,Panama,Midfielder,MF,24,1.ec Univ Católica,2001,3,0,56,0.6,0,0,0,0,0,0,0,0,0.0,0.0
Sidny Lopes Cabral,Cabo Verde,Defender,DF,23,1.pt Benfica,2002,3,3,285,3.2,1,0,1,1,0,0,2,0,0.32,0.0
Flaco López,Argentina,Forward,FW,25,1.br Palmeiras,2000,2,0,20,0.2,0,1,1,0,0,0,1,0,0.0,4.5
Derrick Luckassen,Ghana,Defender,DF,30,1.cy Pafos FC,1995,2,2,180,2.0,1,0,1,1,0,0,0,0,0.5,0.0
Jhon Lucumí,Colombia,Defender,DF,27,1.it Bologna,1998,5,5,478,5.3,0,0,0,0,0,0,1,0,0.0,0.0
José Luis Rodríguez,Panama,Midfielder,MFFW,27,1.mx FC Juárez,1998,3,3,233,2.6,0,0,0,0,0,0,0,0,0.0,0.0
Romelu Lukaku,Belgium,Forward,FW,33,1.it Napoli,1993,6,1,233,2.6,3,1,4,3,0,0,1,0,1.16,0.39
Dodi Lukebakio,Belgium,Midfielder,MF,28,1.pt Benfica,1997,3,1,164,1.8,0,0,0,0,0,0,0,0,0.0,0.0
Jovo Lukić,Bosnia–Herz,Forward,FW,27,1.ro Univ. Cluj,1998,2,1,67,0.7,1,0,1,1,0,0,1,0,1.34,0.0
Awer Mabil,Australia,Forward,FWMF,30,2.es Castellón,1995,1,0,30,0.3,0,0,0,0,0,0,0,0,0.0,0.0
Alexis Mac Allister,Argentina,Midfielder,MF,27,1.eng Liverpool,1998,8,7,750,8.3,1,1,2,1,0,0,1,0,0.12,0.12
Deiver Machado,Colombia,Defender,DF,32,1.fr Nantes,1993,1,1,90,1.0,0,0,0,0,0,0,0,0,0.0,0.0
Shuto Machino,Japan,Forward,FW,26,1.de Gladbach,1999,1,0,13,0.1,0,0,0,0,0,0,0,0,0.0,0.0
Assim Madibo,Qatar,Midfielder,MF,29,1.qa Al-Wakrah,1996,2,2,131,1.5,0,0,0,0,0,0,0,1,0.0,0.0
Noni Madueke,England,Midfielder,MF,24,1.eng Arsenal,2002,5,4,286,3.2,0,0,0,0,0,0,0,0,0.0,0.0
Daizen Maeda,Japan,Midfielder,MF,28,1.sct Celtic,1997,3,3,244,2.7,1,0,1,1,0,0,0,0,0.37,0.0
Gabriel Magalhães,Brazil,Defender,DF,28,1.eng Arsenal,1997,5,5,450,5.0,0,1,1,0,0,0,0,0,0.0,0.2
Ermin Mahmić,Bosnia–Herz,Midfielder,MF,21,1.cz Slovan Liberec,2005,3,0,68,0.8,2,0,2,2,0,0,1,0,2.65,0.0
Hadj Mahmoud,Tunisia,Midfielder,MF,26,1.ch Lugano,2000,2,0,43,0.5,0,0,0,0,0,0,0,0,0.0,0.0
Riyad Mahrez,Algeria,Midfielder,MF,35,1.sa Al-Ahli,1991,4,3,262,2.9,2,1,3,2,0,0,0,0,0.69,0.34
Alexandro Maidana,Paraguay,Defender,DF,20,1.ar Talleres–C,2005,2,1,55,0.6,0,0,0,0,0,0,0,0,0.0,0.0
Mike Maignan,France,Goalkeeper,GK,30,1.it Milan,1995,8,8,720,8.0,0,0,0,0,0,0,0,0,0.0,0.0
Evidence Makgopa,South Africa,Forward,FW,26,1.za Orlando Pirates,2000,4,2,215,2.4,0,0,0,0,0,0,0,0,0.0,0.0
Ahmed Maknzi,Iraq,Defender,DF,24,1.iq Al-Karma,2001,1,0,33,0.4,0,0,0,0,0,0,0,0,0.0,0.0
Donyell Malen,Netherlands,Forward,FW,27,1.it Roma,1999,3,3,185,2.1,0,0,0,0,0,0,0,0,0.0,0.0
Arjan Malic,Bosnia–Herz,Defender,DF,20,1.at Sturm Graz,2005,1,1,45,0.5,0,0,0,0,0,0,0,0,0.0,0.0
Mohamed Manai,Qatar,Defender,DF,23,1.qa Al-Shamal Sports Club,2002,3,0,69,0.8,0,0,0,0,0,0,0,0,0.0,0.0
Aïssa Mandi,Algeria,Defender,DF,34,1.fr Lille,1991,4,4,360,4.0,0,0,0,0,0,0,0,0,0.0,0.0
Sadio Mané,Senegal,Midfielder,MFFW,34,1.sa Al-Nassr,1992,4,4,362,4.0,0,1,1,0,0,0,0,0,0.0,0.25
Juan Manuel Sanabria,Uruguay,Defender,DF,26,1.mx Atlético San Luis,2000,3,2,204,2.3,0,0,0,0,0,0,1,0,0.0,0.0
Johan Manzambi,Switzerland,Midfielder,MFFW,20,1.de Freiburg,2005,4,2,199,2.2,3,2,5,3,0,0,0,0,1.36,0.9
Mahmoud Al-Mardi,Jordan,Midfielder,MF,32,1.jo Al-Hussein SC,1993,3,1,130,1.4,0,0,0,0,0,0,0,0,0.0,0.0
Jearl Margaritha,Curaçao,Forward,FWMF,26,2.be Beveren,2000,2,0,41,0.5,0,0,0,0,0,0,0,0,0.0,0.0
Omar Marmoush,Egypt,Forward,FWMF,27,1.eng Manchester City,1999,5,3,326,3.6,0,0,0,0,0,0,0,0,0.0,0.0
Marquinhos,Brazil,Defender,DF,32,1.fr PSG,1994,5,5,450,5.0,0,0,0,0,0,0,0,0,0.0,0.0
Gabriel Martinelli,Brazil,Midfielder,MF,24,1.eng Arsenal,2001,4,1,143,1.6,1,0,1,1,0,0,0,0,0.63,0.0
Guillermo Martínez Ayala,Mexico,Forward,FW,31,1.mx UNAM,1995,2,1,72,0.8,0,0,0,0,0,0,0,0,0.0,0.0
Cristian Martínez,Panama,Midfielder,MFFW,29,1.il Kiryat Shmona,1997,3,3,242,2.7,0,0,0,0,0,0,0,0,0.0,0.0
Emiliano Martínez,Argentina,Goalkeeper,GK,33,1.eng Aston Villa,1992,8,8,810,9.0,0,0,0,0,0,0,0,0,0.0,0.0
Lautaro Martínez,Argentina,Forward,FW,28,1.it Inter,1997,7,4,310,3.4,3,1,4,2,1,1,1,0,0.87,0.29
Lisandro Martínez,Argentina,Defender,DF,28,1.eng Manchester Utd,1998,7,7,624,6.9,1,1,2,1,0,0,2,0,0.14,0.14
Thapelo Maseko,South Africa,Midfielder,MFFW,22,1.cy AEL Limassol,2003,3,3,242,2.7,1,0,1,1,0,0,0,0,0.37,0.0
Hazem Mastouri,Tunisia,Forward,FW,28,1.ru D. Makhachkala,1997,1,1,89,1.0,1,0,1,1,0,0,0,0,1.01,0.0
Arthur Masuaku,Congo DR,Defender,DF,32,1.fr Lens,1993,4,4,315,3.5,0,1,1,0,0,0,0,0,0.0,0.29
Igor Matanović,Croatia,Forward,FW,23,1.de Freiburg,2003,3,0,95,1.1,0,0,0,0,0,0,0,0,0.0,0.0
Pape Matar Sarr,Senegal,Midfielder,MF,23,1.eng Tottenham,2002,2,0,67,0.7,0,0,0,0,0,0,0,0,0.0,0.0
Jean-Philippe Mateta,France,Forward,FW,28,1.eng Crystal Palace,1997,3,0,24,0.3,0,0,0,0,0,0,0,0,0.0,0.0
Mauricio,Paraguay,Midfielder,MF,25,1.br Palmeiras,2001,4,0,173,1.9,1,0,1,1,0,0,0,0,0.52,0.0
Fiston Mayele,Congo DR,Forward,FW,31,1.eg Pyramids FC,1994,2,0,42,0.5,1,0,1,1,0,0,0,0,2.14,0.0
Ibrahim Maza,Algeria,Midfielder,MFFW,20,1.de Leverkusen,2005,4,4,351,3.9,0,0,0,0,0,0,0,0,0.0,0.0
Noussair Mazraoui,Morocco,Defender,DF,28,1.eng Manchester Utd,1997,6,5,477,5.3,0,0,0,0,0,0,0,0,0.0,0.0
Kylian Mbappé,France,Forward,FW,27,1.es Real Madrid,1998,8,8,695,7.7,10,4,14,9,1,2,1,0,1.29,0.52
Thalente Mbatha,South Africa,Midfielder,MF,26,1.za Orlando Pirates,2000,4,2,260,2.9,0,0,0,0,0,0,1,0,0.0,0.0
Ibrahim Mbaye,Senegal,Midfielder,MF,18,1.fr PSG,2008,4,1,157,1.7,1,0,1,1,0,0,0,0,0.57,0.0
Chancel Mbemba,Congo DR,Defender,DF,31,1.fr Lille,1994,4,4,360,4.0,0,1,1,0,0,0,1,0,0.0,0.25
Mbekezeli Mbokazi,South Africa,Defender,DF,20,1.us Chicago Fire,2005,4,4,360,4.0,0,0,0,0,0,0,0,0,0.0,0.0
Nathanaël Mbuku,Congo DR,Midfielder,MFFW,24,2.fr Montpellier,2002,3,2,143,1.6,0,0,0,0,0,0,1,0,0.0,0.0
Callum McCowatt,New Zealand,Midfielder,MF,27,1.dk Silkeborg,1999,3,2,159,1.8,0,0,0,0,0,0,1,0,0.0,0.0
John McGinn,Scotland,Midfielder,MF,31,1.eng Aston Villa,1994,3,3,259,2.9,1,0,1,1,0,0,0,0,0.35,0.0
Scott McKenna,Scotland,Defender,DF,29,1.hr Dinamo Zagreb,1996,1,1,90,1.0,0,0,0,0,0,0,0,0,0.0,0.0
Weston McKennie,USA,Midfielder,MF,27,1.it Juventus,1998,5,5,443,4.9,0,0,0,0,0,0,1,0,0.0,0.0
Mark McKenzie,USA,Defender,DF,27,1.fr Toulouse,1999,1,1,90,1.0,0,0,0,0,0,0,0,0,0.0,0.0
Kenny McLean,Scotland,Midfielder,MF,34,2.eng Norwich City,1992,3,1,118,1.3,0,0,0,0,0,0,1,0,0.0,0.0
Scott McTominay,Scotland,Midfielder,MF,29,1.it Napoli,1996,3,3,270,3.0,0,0,0,0,0,0,0,0,0.0,0.0
Brandon Mechele,Belgium,Defender,DF,33,1.be Club Brugge,1993,6,6,570,6.3,0,0,0,0,0,0,1,0,0.0,0.0
Facundo Medina,Argentina,Defender,DF,27,1.fr Marseille,1999,5,3,308,3.4,0,1,1,0,0,0,1,0,0.0,0.29
Yaimar Medina,Ecuador,Defender,DFMF,21,1.be Genk,2004,1,0,45,0.5,0,0,0,0,0,0,0,0,0.0,0.0
Hannibal Mejbri,Tunisia,Midfielder,MF,23,1.eng Burnley,2003,3,3,270,3.0,0,2,2,0,0,0,0,0,0.0,0.67
Amar Memić,Bosnia–Herz,Midfielder,MF,25,1.cz Viktoria Plzeň,2001,4,2,224,2.5,0,0,0,0,0,0,0,0,0.0,0.0
Memphis,Netherlands,Forward,FWMF,32,1.br Corinthians,1994,3,0,54,0.6,0,1,1,0,0,0,1,0,0.0,1.67
Sultan Mendash,Saudi Arabia,Midfielder,MF,31,1.sa Al-Hilal,1994,1,1,65,0.7,0,0,0,0,0,0,0,0,0.0,0.0
Lucas Mendes,Qatar,Defender,DF,35,1.qa Al-Wakrah,1990,1,0,4,0.0,0,0,0,0,0,0,0,0,0.0,0.0
Nuno Mendes,Portugal,Defender,DF,23,1.fr PSG,2002,5,5,395,4.4,1,0,1,1,0,0,0,0,0.23,0.0
Ryan Mendes,Cabo Verde,Forward,FWMF,36,2.tr 76 Iğdır Belediyespor,1990,4,4,330,3.7,0,1,1,0,0,0,0,0,0.0,0.27
Édouard Mendy,Senegal,Goalkeeper,GK,34,1.sa Al-Ahli,1992,2,2,152,1.7,0,0,0,0,0,0,0,0,0.0,0.0
Gideon Mensah,Ghana,Defender,DF,27,1.fr Auxerre,1998,4,4,360,4.0,0,0,0,0,0,0,0,0,0.0,0.0
Mikel Merino,Spain,Midfielder,MF,29,1.eng Arsenal,1996,8,1,199,2.2,2,0,2,2,0,0,0,0,0.9,0.0
Lionel Messi,Argentina,Forward,FW,38,1.us Inter Miami,1987,8,7,740,8.2,8,4,12,8,0,2,0,0,0.97,0.49
Connor Metcalfe,Australia,Midfielder,MF,26,1.de St Pauli,1999,4,3,315,3.5,1,0,1,1,0,0,0,0,0.29,0.0
Thomas Meunier,Belgium,Defender,DF,34,1.fr Lille,1991,3,2,190,2.1,0,1,1,0,0,0,0,0,0.0,0.47
Liam Millar,Canada,Midfielder,MF,26,2.eng Hull City,1999,3,2,162,1.8,0,0,0,0,0,0,1,0,0.0,0.0
Kim Min-jae,Korea Republic,Defender,DF,29,1.de Bayern Munich,1996,3,3,245,2.7,0,0,0,0,0,0,0,0,0.0,0.0
Yerry Mina,Colombia,Defender,DF,31,1.it Cagliari,1994,1,0,2,0.0,0,0,0,0,0,0,0,0,0.0,0.0
Alan Minda,Ecuador,Midfielder,MF,23,1.br Atlético Mineiro,2003,1,1,55,0.6,0,0,0,0,0,0,0,0,0.0,0.0
Aubrey Modiba,South Africa,Defender,DF,30,1.za Sundowns,1995,4,4,346,3.8,0,0,0,0,0,0,1,0,0.0,0.0
Luka Modrić,Croatia,Midfielder,MF,40,1.it Milan,1985,4,4,317,3.5,0,1,1,0,0,0,1,0,0.0,0.28
Relebohile Mofokeng,South Africa,Midfielder,MF,21,1.za Orlando Pirates,2004,3,2,169,1.9,0,0,0,0,0,0,0,0,0.0,0.0
Shahriar Moghanlou,IR Iran,Forward,FW,31,1.ae Al-Ittihad Kalba,1994,3,1,88,1.0,0,0,0,0,0,0,0,0,0.0,0.0
Milad Mohammadi,IR Iran,Defender,DF,32,1.ir Persepolis,1993,3,2,205,2.3,0,0,0,0,0,0,0,0,0.0,0.0
Mohammad Mohebi,IR Iran,Midfielder,MF,27,1.ru Rostov,1998,3,3,244,2.7,1,0,1,1,0,0,0,0,0.37,0.0
Johan Mojica,Colombia,Defender,DF,33,1.es Mallorca,1992,4,4,390,4.3,0,0,0,0,0,0,1,0,0.0,0.0
Teboho Mokoena,South Africa,Midfielder,MF,29,1.za Sundowns,1997,3,3,270,3.0,1,0,1,0,1,1,2,0,0.33,0.0
Nahuel Molina,Argentina,Defender,DF,28,1.es Atlético Madrid,1998,7,5,528,5.9,0,0,0,0,0,0,0,0,0.0,0.0
Jamiro Monteiro,Cabo Verde,Midfielder,MF,32,1.nl Zwolle,1993,4,3,281,3.1,0,0,0,0,0,0,0,0,0.0,0.0
César Montes,Mexico,Defender,DF,29,1.ru Loko Moscow,1997,4,4,314,3.5,0,0,0,0,0,0,0,1,0.0,0.0
Gonzalo Montiel,Argentina,Defender,DF,29,1.ar River Plate,1997,6,2,192,2.1,0,1,1,0,0,0,1,0,0.0,0.47
Kim Moon-hwan,Korea Republic,Midfielder,MF,30,1.kr Daejeon Hana,1995,1,1,70,0.8,0,0,0,0,0,0,0,0,0.0,0.0
Gilberto Mora,Mexico,Midfielder,MF,17,1.mx Tijuana,2008,4,3,213,2.4,0,0,0,0,0,0,0,0,0.0,0.0
Diego Moreira,Belgium,Midfielder,MF,21,1.fr Strasbourg,2004,1,0,58,0.6,0,0,0,0,0,0,0,0,0.0,0.0
Steven Moreira,Cabo Verde,Defender,DF,31,1.us Columbus Crew,1994,4,3,301,3.3,0,0,0,0,0,0,0,0,0.0,0.0
Tshepang Moremi,South Africa,Midfielder,MF,25,1.za Orlando Pirates,2000,2,0,34,0.4,0,1,1,0,0,0,0,0,0.0,2.65
Orlando Mosquera,Panama,Goalkeeper,GK,31,1.sa Al-Fayha,1994,3,3,270,3.0,0,0,0,0,0,0,0,0,0.0,0.0
Samir El Mourabet,Morocco,Midfielder,MF,20,1.fr Strasbourg,2005,5,0,81,0.9,0,0,0,0,0,0,0,0,0.0,0.0
Samuel Moutoussamy,Congo DR,Midfielder,MF,29,1.gr Atromitos,1996,4,4,330,3.7,0,0,0,0,0,0,1,0,0.0,0.0
Akmal Mozgovoy,Uzbekistan,Midfielder,MF,27,1.uz Pakhtakor Tashkent FK,1999,3,2,216,2.4,0,1,1,0,0,0,0,0,0.0,0.42
Lionel Mpasi,Congo DR,Goalkeeper,GK,31,1.fr Le Havre,1994,4,4,360,4.0,0,0,0,0,0,0,0,0,0.0,0.0
Khuliso Mudau,South Africa,Defender,DF,31,1.za Sundowns,1995,4,4,360,4.0,0,0,0,0,0,0,0,0,0.0,0.0
Tarik Muharemovic,Bosnia–Herz,Defender,DF,23,1.it Sassuolo,2003,3,3,259,2.9,0,0,0,0,0,0,0,1,0.0,0.0
Miro Muheim,Switzerland,Defender,DFMF,28,1.de Hamburger SV,1998,3,0,87,1.0,0,0,0,0,0,0,1,0,0.0,0.0
Ngal'Ayel Mukau,Congo DR,Midfielder,MF,21,1.fr Lille,2004,4,3,195,2.2,0,0,0,0,0,0,0,0,0.0,0.0
Mert Müldür,Türkiye,Defender,DF,27,1.tr Fenerbahçe,1999,3,1,101,1.1,0,0,0,0,0,0,0,0,0.0,0.0
Daniel Muñoz,Colombia,Defender,DF,30,1.eng Crystal Palace,1996,5,4,394,4.4,2,0,2,2,0,0,0,0,0.46,0.0
Petar Musa,Croatia,Forward,FW,28,1.us FC Dallas,1998,2,2,110,1.2,1,0,1,1,0,0,0,0,0.82,0.0
Jamal Musiala,Germany,Midfielder,MF,23,1.de Bayern Munich,2003,4,3,270,3.0,1,0,1,1,0,0,1,0,0.33,0.0
Fernando Muslera,Uruguay,Goalkeeper,GK,39,1.tr Galatasaray,1986,3,3,225,2.5,0,0,0,0,0,0,0,0,0.0,0.0
Phillipp Mwene,Austria,Defender,DF,32,1.de Mainz 05,1994,2,2,147,1.6,0,0,0,0,0,0,0,0,0.0,0.0
David Møller Wolfe,Norway,Defender,DF,24,1.eng Wolves,2002,5,5,430,4.8,0,1,1,0,0,0,0,0,0.0,0.21
Yūto Nagatomo,Japan,Defender,DFMF,39,1.jp FC Tokyo,1986,1,0,16,0.2,0,0,0,0,0,0,0,0,0.0,0.0
Keito Nakamura,Japan,Midfielder,MF,25,2.fr Reims,2000,4,4,307,3.4,1,1,2,1,0,0,0,0,0.29,0.29
Abdallah Nasib,Jordan,Defender,DF,32,1.iq Al-Zawra'a SC,1994,3,3,260,2.9,0,0,0,0,0,0,0,0,0.0,0.0
Sherzod Nasrullaev,Uzbekistan,Defender,DFMF,27,1.uz FC Nasaf,1998,3,3,180,2.0,0,0,0,0,0,0,1,0,0.0,0.0
Duckens Nazon,Haiti,Forward,FWMF,32,1.ir Esteghlal,1994,1,0,24,0.3,0,0,0,0,0,0,1,0,0.0,0.0
Iliman Ndiaye,Senegal,Forward,FW,26,1.eng Everton,2000,3,1,114,1.3,1,2,3,1,0,0,0,0,0.79,1.58
Dan Ndoye,Switzerland,Midfielder,MFFW,25,1.eng Nottingham,2000,6,5,406,4.5,2,0,2,2,0,0,0,0,0.44,0.0
Jayden Nelson,Canada,Forward,FWMF,23,1.us Austin FC,2002,1,0,4,0.0,0,0,0,0,0,0,0,0,0.0,0.0
Ali Nemati,IR Iran,Defender,DF,30,1.ir Foolad,1996,3,3,270,3.0,0,0,0,0,0,0,1,0,0.0,0.0
Abduvohid Nematov,Uzbekistan,Goalkeeper,GK,25,1.uz FC Nasaf,2001,2,2,180,2.0,0,0,0,0,0,0,0,0,0.0,0.0
Pedro Neto,Portugal,Midfielder,MF,26,1.eng Chelsea,2000,5,5,350,3.9,0,1,1,0,0,0,0,0,0.0,0.26
Manuel Neuer,Germany,Goalkeeper,GK,40,1.de Bayern Munich,1986,4,4,390,4.3,0,0,0,0,0,0,0,0,0.0,0.0
João Neves,Portugal,Midfielder,MF,21,1.fr PSG,2004,5,4,390,4.3,1,0,1,1,0,0,0,0,0.23,0.0
Rúben Neves,Portugal,Midfielder,MF,29,1.sa Al-Hilal,1997,2,1,55,0.6,0,0,0,0,0,0,0,0,0.0,0.0
Neymar,Brazil,Forward,FWMF,34,1.br Santos,1992,2,0,39,0.4,1,0,1,0,1,1,1,0,2.31,0.0
Nathan Ngoy,Belgium,Defender,DF,23,1.fr Lille,2003,4,4,335,3.7,0,0,0,0,0,0,0,1,0.0,0.0
Moussa Niakhaté,Senegal,Defender,DF,30,1.fr Lyon,1996,4,4,390,4.3,0,1,1,0,0,0,0,0,0.0,0.23
Gustaf Nilsson,Sweden,Forward,FW,29,1.be Club Brugge,1997,1,0,2,0.0,0,0,0,0,0,0,0,0,0.0,0.0
Felix Nmecha,Germany,Midfielder,MF,25,1.de Dortmund,2000,4,4,270,3.0,1,1,2,1,0,0,0,0,0.33,0.33
Kristoffer Nordfeldt,Sweden,Goalkeeper,GK,36,1.se AIK Stockholm,1989,2,2,180,2.0,0,0,0,0,0,0,0,0,0.0,0.0
Tyrese Noslin,Curaçao,Midfielder,MF,23,1.nl Telstar,2002,1,0,14,0.2,0,0,0,0,0,0,0,0,0.0,0.0
Ernest Nuamah,Ghana,Midfielder,MF,22,1.fr Lyon,2003,3,1,89,1.0,0,1,1,0,0,0,0,0,0.0,1.01
Matheus Nunes,Portugal,Defender,DFMF,27,1.eng Manchester City,1998,1,0,1,0.0,0,0,0,0,0,0,0,0,0.0,0.0
Darwin Núñez,Uruguay,Forward,FW,26,1.sa Al-Hilal,1999,3,2,156,1.7,0,0,0,0,0,0,0,0,0.0,0.0
Antonio Nusa,Norway,Forward,FW,21,1.de RB Leipzig,2005,6,4,318,3.5,1,0,1,1,0,0,1,0,0.28,0.0
Benjamin Nygren,Sweden,Midfielder,MF,24,1.sct Celtic,2001,4,2,130,1.4,0,0,0,0,0,0,0,0,0.0,0.0
Ørjan Nyland,Norway,Goalkeeper,GK,35,1.es Sevilla,1990,5,5,480,5.3,0,0,0,0,0,0,0,0,0.0,0.0
Aiden O'Neill,Australia,Midfielder,MF,27,1.us NYCFC,1998,4,4,360,4.0,0,0,0,0,0,0,0,0,0.0,0.0
Nico O'Reilly,England,Defender,DF,21,1.eng Manchester City,2005,7,5,461,5.1,0,0,0,0,0,0,1,0,0.0,0.0
Salim Obaid,Jordan,Defender,DF,34,1.jo Al-Hussein SC,1992,3,0,21,0.2,0,0,0,0,0,0,0,0,0.0,0.0
Armando Obispo,Curaçao,Defender,DF,27,1.nl PSV,1999,3,3,270,3.0,0,0,0,0,0,0,0,0,0.0,0.0
Guillermo Ochoa,Mexico,Goalkeeper,GK,40,1.cy AEL Limassol,1985,1,0,13,0.1,0,0,0,0,0,0,0,0,0.0,0.0
Kōki Ogawa,Japan,Forward,FW,28,1.nl NEC Nijmegen,1997,3,0,42,0.5,0,1,1,0,0,0,0,0,0.0,2.14
Braian Ojeda,Paraguay,Midfielder,MF,25,1.us Orlando City,2000,1,0,22,0.2,0,0,0,0,0,0,0,0,0.0,0.0
Noah Okafor,Switzerland,Forward,FWMF,26,1.eng Leeds United,2000,1,0,20,0.2,0,0,0,0,0,0,0,0,0.0,0.0
Ime Okon,South Africa,Defender,DF,22,2.de Hannover 96,2004,4,4,360,4.0,0,0,0,0,0,0,0,0,0.0,0.0
Paul Okon-Engstler,Australia,Midfielder,MF,21,1.au Sydney FC,2005,4,2,197,2.2,0,1,1,0,0,0,0,0,0.0,0.46
Ben Old,New Zealand,Midfielder,MF,23,2.fr Saint-Étienne,2002,3,0,93,1.0,0,0,0,0,0,0,0,0,0.0,0.0
Michael Olise,France,Midfielder,MF,24,1.de Bayern Munich,2001,8,8,646,7.2,0,7,7,0,0,0,1,0,0.0,0.98
Mathías Olivera,Uruguay,Defender,DF,28,1.it Napoli,1997,3,3,270,3.0,0,0,0,0,0,0,1,0,0.0,0.0
Dani Olmo,Spain,Midfielder,MF,28,1.es Barcelona,1998,8,6,491,5.5,0,2,2,0,0,0,0,0,0.0,0.37
Tani Oluwaseyi,Canada,Forward,FW,26,1.es Villarreal,2000,5,3,259,2.9,0,0,0,0,0,0,0,0,0.0,0.0
Ali Olwan,Jordan,Midfielder,MF,26,1.qa Al-Sailiya SC,2000,3,3,268,3.0,1,0,1,1,0,0,0,0,0.34,0.0
Amadou Onana,Belgium,Midfielder,MF,24,1.eng Aston Villa,2001,4,2,106,1.2,0,0,0,0,0,0,0,0,0.0,0.0
Christopher Opéri,Côte d'Ivoire,Defender,DF,29,1.tr Başakşehir,1997,1,1,90,1.0,0,0,0,0,0,0,0,0,0.0,0.0
Jerome Opoku,Ghana,Defender,DF,27,1.tr Başakşehir,1998,3,3,270,3.0,0,0,0,0,0,0,0,0,0.0,0.0
Joel Ordóñez,Ecuador,Defender,DF,22,1.be Club Brugge,2004,3,3,225,2.5,0,0,0,0,0,0,0,0,0.0,0.0
Jonathan Osorio,Canada,Midfielder,MF,34,1.us Toronto FC,1992,2,0,5,0.1,0,0,0,0,0,0,0,0,0.0,0.0
Nicolás Otamendi,Argentina,Defender,DF,38,1.pt Benfica,1988,7,1,247,2.7,0,0,0,0,0,0,0,0,0.0,0.0
Zakaria El Ouahdi,Morocco,Defender,DFMF,24,1.be Genk,2001,1,0,17,0.2,0,0,0,0,0,0,0,0,0.0,0.0
Ayoub Al-Oui,Qatar,Defender,DF,21,1.qa Al-Gharafa Sports Club,2005,2,2,149,1.7,0,0,0,0,0,0,0,0,0.0,0.0
Azzedine Ounahi,Morocco,Midfielder,MF,26,1.es Girona,2000,6,5,435,4.8,2,0,2,2,0,0,1,0,0.41,0.0
Mohammed Al-Owais,Saudi Arabia,Goalkeeper,GK,34,1.sa Al-Ula,1991,3,3,270,3.0,0,0,0,0,0,0,0,0,0.0,0.0
Elisha Owusu,Ghana,Midfielder,MF,28,1.fr Auxerre,1997,3,2,151,1.7,0,0,0,0,0,0,0,0,0.0,0.0
Mikel Oyarzabal,Spain,Forward,FW,29,1.es Real Sociedad,1997,8,8,601,6.7,5,1,6,4,1,1,0,0,0.75,0.15
Salih Özcan,Türkiye,Midfielder,MF,28,1.de Dortmund,1998,2,1,100,1.1,0,0,0,0,0,0,0,0,0.0,0.0
Willian Pacho,Ecuador,Defender,DF,24,1.fr PSG,2001,4,4,360,4.0,0,0,0,0,0,0,0,0,0.0,0.0
Kendry Páez,Ecuador,Midfielder,MF,19,1.ar River Plate,2007,1,0,12,0.1,0,0,0,0,0,0,1,0,0.0,0.0
Exequiel Palacios,Argentina,Defender,DF,27,1.de Leverkusen,1998,1,1,90,1.0,0,0,0,0,0,0,0,0,0.0,0.0
Lucas Paquetá,Brazil,Midfielder,MF,28,1.br Flamengo,1997,4,4,233,2.6,0,1,1,0,0,0,0,0,0.0,0.39
Leandro Paredes,Argentina,Midfielder,MF,31,1.ar Boca Juniors,1994,7,4,473,5.3,0,0,0,0,0,0,2,0,0.0,0.0
Thomas Partey,Ghana,Midfielder,MF,33,1.es Villarreal,1993,3,3,270,3.0,0,0,0,0,0,0,0,0,0.0,0.0
Marco Pašalić,Croatia,Midfielder,MF,25,1.us Orlando City,2000,3,1,99,1.1,0,0,0,0,0,0,0,0,0.0,0.0
Mario Pašalić,Croatia,Midfielder,MF,31,1.it Atalanta,1995,4,1,123,1.4,0,0,0,0,0,0,0,0,0.0,0.0
Nathan Patterson,Scotland,Defender,DF,24,1.eng Everton,2001,3,2,185,2.1,0,0,0,0,0,0,0,0,0.0,0.0
João Paulo Fernandes,Cabo Verde,Defender,DF,28,1.ro FCSB,1998,2,1,105,1.2,0,0,0,0,0,0,0,0,0.0,0.0
Aleksandar Pavlovic,Germany,Midfielder,MF,22,1.de Bayern Munich,2004,4,4,272,3.0,0,0,0,0,0,0,1,0,0.0,0.0
Tim Payne,New Zealand,Defender,DF,32,1.au Wellington,1994,3,3,224,2.5,0,1,1,0,0,0,0,0,0.0,0.4
Nicolás Paz,Argentina,Midfielder,MF,21,1.it Como,2004,2,1,71,0.8,0,0,0,0,0,0,0,0,0.0,0.0
Marcus Pedersen,Norway,Defender,DF,25,1.it Torino,2000,4,1,236,2.6,1,0,1,1,0,0,0,0,0.38,0.0
Pedri,Spain,Midfielder,MF,23,1.es Barcelona,2002,8,5,499,5.5,0,0,0,0,0,0,1,0,0.0,0.0
Nicolas Pépé,Côte d'Ivoire,Forward,FW,31,1.es Villarreal,1995,4,3,234,2.6,2,1,3,2,0,0,1,0,0.77,0.38
Ricardo Pepi,USA,Forward,FW,23,1.nl PSV,2003,5,2,204,2.3,0,0,0,0,0,0,0,0,0.0,0.0
Kojo Peprah Oppong,Ghana,Defender,DF,22,1.fr Nice,2004,2,0,49,0.5,0,0,0,0,0,0,1,0,0.0,0.0
Ivan Perišić,Croatia,Midfielder,MFDF,37,1.nl PSV,1989,4,4,360,4.0,1,1,2,1,0,0,2,0,0.25,0.25
Jens Petter Hauge,Norway,Defender,DFFW,26,1.no Bodø/Glimt,1999,1,0,8,0.1,0,0,0,0,0,0,0,0,0.0,0.0
Charles Pickel,Congo DR,Defender,DFMF,29,1.es Espanyol,1997,2,0,35,0.4,0,0,0,0,0,0,1,0,0.0,0.0
Jordan Pickford,England,Goalkeeper,GK,32,1.eng Everton,1994,7,7,660,7.3,0,0,0,0,0,0,0,0,0.0,0.0
Pico,Cabo Verde,Defender,DF,33,1.ie Shamrock,1992,4,4,390,4.3,0,0,0,0,0,0,0,0,0.0,0.0
Frantzdy Pierrot,Haiti,Forward,FW,31,1.tr Rizespor,1995,3,2,143,1.6,0,0,0,0,0,0,1,0,0.0,0.0
Kevin Pina,Cabo Verde,Midfielder,MF,29,1.ru Krasnodar,1997,4,4,349,3.9,1,0,1,1,0,0,1,0,0.26,0.0
Wagner Pina,Cabo Verde,Defender,DF,23,1.tr Trabzonspor,2002,1,1,89,1.0,0,0,0,0,0,0,1,0,0.0,0.0
Orbelín Pineda,Mexico,Forward,FWMF,30,1.gr AEK Athens,1996,2,0,31,0.3,0,0,0,0,0,0,0,0,0.0,0.0
Yéremy Pino,Spain,Forward,FWMF,23,1.eng Crystal Palace,2002,2,0,70,0.8,0,0,0,0,0,0,0,0,0.0,0.0
Isidro Pitta,Paraguay,Forward,FW,26,1.br RB Bragantino,1999,1,1,45,0.5,0,0,0,0,0,0,0,0,0.0,0.0
Johny Placide,Haiti,Goalkeeper,GK,38,2.fr Bastia,1988,3,3,270,3.0,0,0,0,0,0,0,1,0,0.0,0.0
Gonzalo Plata,Ecuador,Forward,FW,25,1.br Flamengo,2000,4,4,360,4.0,1,0,1,1,0,0,1,0,0.25,0.0
Marin Pongračić,Croatia,Defender,DF,28,1.it Fiorentina,1997,3,3,270,3.0,0,0,0,0,0,0,0,0,0.0,0.0
Jackson Porozo,Ecuador,Defender,DF,25,1.mx Tijuana,2000,1,0,29,0.3,0,0,0,0,0,0,1,0,0.0,0.0
Pedro Porro,Spain,Defender,DF,26,1.eng Tottenham,1999,6,6,563,6.3,2,0,2,2,0,0,0,0,0.32,0.0
Stefan Posch,Austria,Defender,DF,29,1.de Mainz 05,1997,4,4,331,3.7,0,0,0,0,0,0,2,0,0.0,0.0
Alexander Prass,Austria,Defender,DFMF,25,1.de Hoffenheim,2001,2,0,29,0.3,0,0,0,0,0,0,0,0,0.0,0.0
Ángelo Preciado,Ecuador,Defender,DFMF,28,1.br Atlético Mineiro,1998,4,0,109,1.2,0,0,0,0,0,0,0,0,0.0,0.0
Ruben Providence,Haiti,Midfielder,MF,24,2.nl Almere City,2001,3,3,220,2.4,0,0,0,0,0,0,0,0,0.0,0.0
Lukáš Provod,Czechia,Forward,FW,29,1.cz Slavia Prague,1996,3,1,122,1.4,0,0,0,0,0,0,0,0,0.0,0.0
Marc Pubill,Spain,Defender,DF,22,1.es Atlético Madrid,2003,1,0,1,0.0,0,0,0,0,0,0,0,0,0.0,0.0
Gustavo Puerta,Colombia,Midfielder,MF,22,2.es Racing Sant,2003,5,5,469,5.2,0,1,1,0,0,0,1,0,0.0,0.19
Christian Pulisic,USA,Midfielder,MF,27,1.it Milan,1998,4,3,223,2.5,0,1,1,0,0,0,0,0,0.0,0.4
Ahmed Qasem,Iraq,Midfielder,MFFW,22,1.us Nashville SC,2003,3,2,123,1.4,0,0,0,0,0,0,0,0,0.0,0.0
Jarell Quansah,England,Defender,DF,23,1.de Leverkusen,2003,3,3,197,2.2,0,0,0,0,0,0,1,1,0.0,0.0
Julián Quiñones,Mexico,Forward,FWMF,29,1.sa Al-Qadsiah,1997,5,5,410,4.6,4,1,5,4,0,0,0,0,0.88,0.22
Alberto Quintero,Panama,Forward,FWMF,38,1.pa Plaza Amador,1987,1,0,3,0.0,0,0,0,0,0,0,0,0,0.0,0.0
Juan Quintero,Colombia,Forward,FWMF,33,1.ar River Plate,1993,4,0,121,1.3,0,1,1,0,0,0,0,0,0.0,0.74
Ramy Rabia,Egypt,Defender,DF,33,1.ae Al Ain,1993,5,3,372,4.1,0,0,0,0,0,0,0,0,0.0,0.0
Adrien Rabiot,France,Midfielder,MF,31,1.it Milan,1995,7,7,585,6.5,0,1,1,0,0,0,1,0,0.0,0.15
Stjepan Radeljić,Bosnia–Herz,Defender,DF,28,1.hr Rijeka,1997,2,2,180,2.0,0,0,0,0,0,0,1,0,0.0,0.0
Soufiane Rahimi,Morocco,Forward,FW,30,1.ae Al Ain,1996,6,0,163,1.8,2,1,3,2,0,0,0,0,1.1,0.55
Abdul Rahman Baba,Ghana,Defender,DFMF,31,1.gr PAOK,1994,1,0,1,0.0,0,0,0,0,0,0,0,0,0.0,0.0
Anthony Ralston,Scotland,Defender,DF,27,1.sct Celtic,1998,2,0,11,0.1,0,0,0,0,0,0,0,0,0.0,0.0
Gonçalo Ramos,Portugal,Forward,FW,24,1.fr PSG,2001,2,0,36,0.4,1,0,1,1,0,0,0,0,2.5,0.0
Jiovany Ramos,Panama,Defender,DF,29,1.ve Puerto Cabello,1997,2,2,166,1.8,0,0,0,0,0,0,0,0,0.0,0.0
Jesse Randall,New Zealand,Midfielder,MF,23,1.au Auckland FC,2002,3,0,61,0.7,0,0,0,0,0,0,0,0,0.0,0.0
Raúl Rangel,Mexico,Goalkeeper,GK,26,1.mx Guadalajara,2000,5,5,437,4.9,0,0,0,0,0,0,0,0,0.0,0.0
Raphinha,Brazil,Midfielder,MFFW,29,1.es Barcelona,1996,2,2,129,1.4,0,0,0,0,0,0,0,0,0.0,0.0
Nizar Al Rashdan,Jordan,Midfielder,MF,27,1.qa Qatar SC,1999,3,3,255,2.8,1,0,1,1,0,0,0,0,0.35,0.0
Marcus Rashford,England,Midfielder,MF,28,1.es Barcelona,1997,6,3,223,2.5,1,1,2,1,0,0,0,0,0.4,0.4
Nicolas Raskin,Belgium,Midfielder,MF,25,1.sct Rangers,2001,6,3,341,3.8,0,2,2,0,0,0,0,0,0.0,0.53
David Raum,Germany,Defender,DF,28,1.de RB Leipzig,1998,2,1,108,1.2,0,0,0,0,0,0,0,0,0.0,0.0
Noor Al Rawabdeh,Jordan,Midfielder,MF,29,1.my Selangor FA,1997,3,3,270,3.0,0,1,1,0,0,0,0,0,0.0,0.33
Rayan,Brazil,Forward,FWMF,19,1.eng Bournemouth,2006,4,3,288,3.2,0,1,1,0,0,0,0,0,0.0,0.31
Iqraam Rayners,South Africa,Forward,FW,30,1.za Sundowns,1995,4,2,161,1.8,0,0,0,0,0,0,0,0,0.0,0.0
Tim Ream,USA,Defender,DF,38,1.us Charlotte,1987,4,4,360,4.0,0,0,0,0,0,0,0,0,0.0,0.0
Tijjani Reijnders,Netherlands,Midfielder,MF,27,1.eng Manchester City,1998,3,3,199,2.2,0,1,1,0,0,0,0,0,0.0,0.45
Omar Rekik,Tunisia,Defender,DF,24,1.si NK Maribor,2001,2,2,180,2.0,1,0,1,1,0,0,0,0,0.5,0.0
Israel Reyes,Mexico,Defender,DF,26,1.mx América,2000,4,2,202,2.2,0,0,0,0,0,0,0,0,0.0,0.0
Gio Reyna,USA,Midfielder,MF,23,1.de Gladbach,2002,5,1,131,1.5,1,0,1,1,0,0,0,0,0.69,0.0
Ramin Rezaeian,IR Iran,Defender,DFMF,36,1.ir Foolad,1990,3,3,270,3.0,2,1,3,2,0,0,0,0,0.67,0.33
Chadi Riad,Morocco,Defender,DF,22,1.eng Crystal Palace,2003,4,4,344,3.8,0,1,1,0,0,0,0,0,0.0,0.26
Declan Rice,England,Midfielder,MF,27,1.eng Arsenal,1999,7,7,557,6.2,1,2,3,1,0,0,2,0,0.16,0.32
Chris Richards,USA,Defender,DF,26,1.eng Crystal Palace,2000,4,4,360,4.0,0,0,0,0,0,0,1,0,0.0,0.0
Fabian Rieder,Switzerland,Midfielder,MFFW,24,1.de Augsburg,2002,5,3,302,3.4,0,0,0,0,0,0,0,0,0.0,0.0
Richard Ríos,Colombia,Midfielder,MF,26,1.pt Benfica,2000,5,0,140,1.6,0,0,0,0,0,0,1,0,0.0,0.0
Ró-Ró,Qatar,Defender,DF,35,1.qa Al Sadd,1990,3,3,270,3.0,0,0,0,0,0,0,0,0,0.0,0.0
Andy Robertson,Scotland,Defender,DF,32,1.eng Liverpool,1994,3,3,225,2.5,0,0,0,0,0,0,1,0,0.0,0.0
Antonee Robinson,USA,Defender,DFMF,28,1.eng Fulham,1997,4,4,348,3.9,0,0,0,0,0,0,1,0,0.0,0.0
Miles Robinson,USA,Defender,DF,29,1.us FC Cincinnati,1997,1,1,90,1.0,0,0,0,0,0,0,0,0,0.0,0.0
Sergio Rochet,Uruguay,Goalkeeper,GK,33,1.br Internacional,1993,1,0,45,0.5,0,0,0,0,0,0,0,0,0.0,0.0
Rodri,Spain,Midfielder,MF,29,1.eng Manchester City,1996,8,8,724,8.0,0,0,0,0,0,0,0,0,0.0,0.0
Garry Rodrigues,Cabo Verde,Midfielder,MF,35,1.cy Apollon Limassol,1990,2,1,76,0.8,0,0,0,0,0,0,0,0,0.0,0.0
Brian Rodríguez,Uruguay,Forward,FWMF,26,1.mx América,2000,3,0,41,0.5,0,0,0,0,0,0,0,0,0.0,0.0
James Rodríguez,Colombia,Forward,FWMF,34,1.us Minnesota Utd,1991,5,5,313,3.5,0,0,0,0,0,0,0,0,0.0,0.0
Kevin Rodríguez,Ecuador,Forward,FW,26,1.be Union SG,2000,4,0,118,1.3,0,1,1,0,0,0,0,0,0.0,0.76
Ricardo Rodríguez,Switzerland,Defender,DF,33,1.es Real Betis,1992,6,6,517,5.7,0,1,1,0,0,0,0,0,0.0,0.17
Tomás Rodríguez,Panama,Forward,FW,27,1.cr Saprissa,1999,2,1,46,0.5,0,0,0,0,0,0,0,0,0.0,0.0
Godfried Roemeratoe,Curaçao,Midfielder,MF,26,2.nl RKC Waalwijk,1999,1,0,7,0.1,0,0,0,0,0,0,0,0,0.0,0.0
Morgan Rogers,England,Midfielder,MF,23,1.eng Aston Villa,2002,7,3,339,3.8,0,1,1,0,0,0,0,0,0.0,0.27
Cristian Romero,Argentina,Defender,DF,28,1.eng Tottenham,1998,7,7,608,6.8,1,0,1,1,0,0,2,0,0.15,0.0
Luis Romo,Mexico,Midfielder,MF,31,1.mx Guadalajara,1995,4,4,264,2.9,1,1,2,1,0,0,0,0,0.34,0.34
Cristiano Ronaldo,Portugal,Forward,FW,41,1.sa Al-Nassr,1985,5,5,440,4.9,3,0,3,2,1,1,0,0,0.61,0.0
Eloy Room,Curaçao,Goalkeeper,GK,37,2.us Miami FC,1989,3,3,270,3.0,0,0,0,0,0,0,0,0,0.0,0.0
Marten de Roon,Netherlands,Defender,DFMF,35,1.it Atalanta,1991,1,0,11,0.1,0,0,0,0,0,0,0,0,0.0,0.0
Saed Al-Rosan,Jordan,Defender,DF,29,1.jo Al-Hussein SC,1997,1,0,10,0.1,0,0,0,0,0,0,0,0,0.0,0.0
Antonio Rüdiger,Germany,Defender,DF,33,1.es Real Madrid,1993,4,2,262,2.9,0,0,0,0,0,0,0,0,0.0,0.0
Fabián Ruiz Peña,Spain,Midfielder,MF,30,1.fr PSG,1996,8,4,321,3.6,1,0,1,1,0,0,0,0,0.28,0.0
Mathew Ryan,Australia,Goalkeeper,GK,34,1.es Levante,1992,1,0,2,0.0,0,0,0,0,0,0,0,0,0.0,0.0
Julian Ryerson,Norway,Defender,DF,28,1.de Dortmund,1997,4,4,223,2.5,0,0,0,0,0,0,0,0,0.0,0.0
Elias Saad,Tunisia,Midfielder,MFFW,26,2.de Hannover 96,1999,2,2,116,1.3,0,0,0,0,0,0,0,0,0.0,0.0
Marwane Saâdane,Morocco,Defender,DFMF,34,1.sa Al-Fateh,1992,1,0,4,0.0,0,0,0,0,0,0,0,0,0.0,0.0
Mustafa Saadoon,Iraq,Defender,DF,25,1.iq Al-Shorta,2001,1,0,18,0.2,0,0,0,0,0,0,0,0,0.0,0.0
Mahmoud Saber,Egypt,Midfielder,MF,24,1.eg ZED,2001,2,1,46,0.5,1,0,1,1,0,0,1,0,1.96,0.0
Marcel Sabitzer,Austria,Midfielder,MF,32,1.de Dortmund,1994,4,4,360,4.0,1,0,1,1,0,0,1,0,0.25,0.0
Noah Sadiki,Congo DR,Midfielder,MF,21,1.eng Sunderland,2004,4,2,259,2.9,0,0,0,0,0,0,2,0,0.0,0.0
Michal Sadílek,Czechia,Midfielder,MF,27,1.cz Slavia Prague,1999,3,2,183,2.0,1,0,1,1,0,0,0,0,0.49,0.0
Alexis Saelemaekers,Belgium,Midfielder,MF,26,1.it Milan,1999,4,1,83,0.9,1,0,1,1,0,0,0,0,1.08,0.0
Ismael Saibari,Morocco,Forward,FW,25,1.nl PSV,2001,5,5,381,4.2,3,0,3,3,0,0,0,0,0.71,0.0
Bukayo Saka,England,Midfielder,MF,24,1.eng Arsenal,2001,7,3,358,4.0,3,3,6,2,1,1,0,0,0.75,0.75
Mohamed Salah,Egypt,Forward,FWMF,33,1.eng Liverpool,1992,5,5,425,4.7,1,2,3,1,0,0,0,0,0.21,0.42
Anass Salah-Eddine,Morocco,Defender,DF,24,1.nl PSV,2002,4,2,212,2.4,0,0,0,0,0,0,0,0,0.0,0.0
Nathan Saliba,Canada,Midfielder,MF,22,1.be Anderlecht,2004,3,2,182,2.0,1,2,3,1,0,0,1,0,0.49,0.99
William Saliba,France,Defender,DF,25,1.eng Arsenal,2001,6,6,479,5.3,0,0,0,0,0,0,0,0,0.0,0.0
Shurandy Sambo,Curaçao,Defender,DF,24,1.nl Sparta R.,2001,1,0,1,0.0,0,0,0,0,0,0,0,0,0.0,0.0
Antonio Sanabria,Paraguay,Forward,FW,30,1.it Cremonese,1996,2,1,83,0.9,0,0,0,0,0,0,0,0,0.0,0.0
Davinson Sánchez,Colombia,Defender,DF,30,1.tr Galatasaray,1996,5,5,480,5.3,0,0,0,0,0,0,1,0,0.0,0.0
Jorge Sánchez,Mexico,Defender,DF,28,1.gr PAOK,1997,4,4,348,3.9,0,1,1,0,0,0,1,0,0.0,0.26
Alex Sandro,Brazil,Defender,DFMF,35,1.br Flamengo,1991,1,0,9,0.1,0,0,0,0,0,0,0,0,0.0,0.0
Leroy Sané,Germany,Midfielder,MF,30,1.tr Galatasaray,1996,4,4,326,3.6,1,0,1,1,0,0,0,0,0.28,0.0
Ibrahim Sangaré,Côte d'Ivoire,Midfielder,MF,28,1.eng Nottingham,1997,4,3,268,3.0,0,1,1,0,0,0,0,0,0.0,0.34
Kaishū Sano,Japan,Midfielder,MF,25,1.de Mainz 05,2000,3,3,270,3.0,1,1,2,1,0,0,1,0,0.33,0.33
Danilo Santos,Brazil,Midfielder,MF,25,1.br Botafogo–RJ,2001,4,0,46,0.5,0,0,0,0,0,0,0,0,0.0,0.0
Douglas Santos,Brazil,Defender,DF,32,1.ru Zenit,1994,5,5,441,4.9,0,0,0,0,0,0,1,0,0.0,0.0
Bara Sapoko Ndiaye,Senegal,Midfielder,MF,18,1.de Bayern Munich,2007,1,0,26,0.3,0,0,0,0,0,0,0,0,0.0,0.0
Ismaila Sarr,Senegal,Midfielder,MFFW,28,1.eng Crystal Palace,1998,4,4,364,4.0,4,1,5,4,0,0,0,0,0.99,0.25
Farrukh Sayfiev,Uzbekistan,Defender,DFMF,35,1.uz Neftchi FK,1991,1,0,45,0.5,0,0,0,0,0,0,0,0,0.0,0.0
Amine Sbai,Morocco,Forward,FWMF,25,1.fr Angers,2000,1,0,6,0.1,0,0,0,0,0,0,0,0,0.0,0.0
Joe Scally,USA,Defender,DF,23,1.de Gladbach,2002,2,1,87,1.0,0,0,0,0,0,0,0,0,0.0,0.0
Patrik Schick,Czechia,Forward,FW,30,1.de Leverkusen,1996,3,2,180,2.0,0,0,0,0,0,0,0,0,0.0,0.0
Andreas Schjelderup,Norway,Forward,FW,22,1.pt Benfica,2004,6,2,252,2.8,1,3,4,1,0,0,0,0,0.36,1.07
Alexander Schlager,Austria,Goalkeeper,GK,30,1.at RB Salzburg,1996,4,4,360,4.0,0,0,0,0,0,0,0,0,0.0,0.0
Xaver Schlager,Austria,Midfielder,MF,28,1.de RB Leipzig,1997,4,4,238,2.6,0,1,1,0,0,0,0,0,0.0,0.38
Nico Schlotterbeck,Germany,Defender,DF,26,1.de Dortmund,1999,2,2,135,1.5,1,0,1,1,0,0,0,0,0.67,0.0
Romano Schmid,Austria,Midfielder,MFFW,26,1.de Werder Bremen,2000,4,4,263,2.9,1,0,1,1,0,0,0,0,0.34,0.0
Kamogelo Sebelebele,South Africa,Defender,DFMF,23,1.za Orlando Pirates,2002,1,0,7,0.1,0,0,0,0,0,0,0,0,0.0,0.0
Abdoulaye Seck,Senegal,Defender,DF,34,1.il Maccabi Haifa,1992,1,1,57,0.6,0,1,1,0,0,0,1,0,0.0,1.58
Alidu Seidu,Ghana,Defender,DF,26,1.fr Rennes,2000,1,0,78,0.9,0,0,0,0,0,0,1,0,0.0,0.0
Nicolas Seiwald,Austria,Midfielder,MF,25,1.de RB Leipzig,2001,4,4,315,3.5,0,0,0,0,0,0,0,0,0.0,0.0
Ayumu Seko,Japan,Defender,DF,26,1.fr Le Havre,2000,2,1,86,1.0,0,0,0,0,0,0,0,0,0.0,0.0
Egil Selvik,Norway,Goalkeeper,GK,28,2.eng Watford,1997,1,1,90,1.0,0,0,0,0,0,0,0,0,0.0,0.0
Ken Sema,Sweden,Forward,FWMF,32,1.cy Pafos FC,1993,1,0,16,0.2,0,0,0,0,0,0,0,0,0.0,0.0
Nélson Semedo,Portugal,Defender,DFMF,32,1.tr Fenerbahçe,1993,4,0,127,1.4,0,0,0,0,0,0,1,0,0.0,0.0
Willy Semedo,Cabo Verde,Forward,FW,32,1.cy AC Omonia,1994,3,1,131,1.5,0,0,0,0,0,0,0,0,0.0,0.0
Antoine Semenyo,Ghana,Midfielder,MFFW,26,1.eng Manchester City,2000,4,4,360,4.0,0,0,0,0,0,0,0,0,0.0,0.0
Marvin Senaya,Ghana,Defender,DF,25,1.fr Auxerre,2001,4,4,278,3.1,0,0,0,0,0,0,0,0,0.0,0.0
Marcos Senesi,Argentina,Defender,DF,29,1.eng Bournemouth,1997,2,1,109,1.2,0,0,0,0,0,0,0,0,0.0,0.0
Igor Sergeev,Uzbekistan,Forward,FW,33,1.ir Persepolis,1993,3,0,28,0.3,0,0,0,0,0,0,0,0,0.0,0.0
Jean Seri,Côte d'Ivoire,Midfielder,MF,34,1.si NK Maribor,1991,1,0,14,0.2,0,0,0,0,0,0,0,0,0.0,0.0
Kim Seung-gyu,Korea Republic,Goalkeeper,GK,35,1.jp FC Tokyo,1990,3,3,270,3.0,0,0,0,0,0,0,0,0,0.0,0.0
Paik Seung-ho,Korea Republic,Midfielder,MF,29,2.eng Birmingham City,1997,3,3,204,2.3,0,0,0,0,0,0,1,0,0.0,0.0
Joaquin Seys,Belgium,Defender,DF,21,1.be Club Brugge,2005,1,0,30,0.3,0,0,0,0,0,0,0,0,0.0,0.0
Jacob Shaffelburg,Canada,Midfielder,MF,26,1.us LAFC,1999,5,0,92,1.0,0,0,0,0,0,0,0,0,0.0,0.0
Mohammed Abu Al-Shamat,Saudi Arabia,Midfielder,MF,23,1.sa Al-Qadsiah,2002,3,1,136,1.5,0,0,0,0,0,0,0,0,0.0,0.0
Lawrence Shankland,Scotland,Forward,FW,30,1.sct Hearts,1995,2,2,171,1.9,0,0,0,0,0,0,0,0,0.0,0.0
Sharara,Jordan,Forward,FW,28,1.ma Raja Casablanca,1997,2,0,2,0.0,0,0,0,0,0,0,1,0,0.0,0.0
Aimar Sher,Iraq,Midfielder,MF,23,1.no Sarpsborg 08,2002,1,0,23,0.3,0,0,0,0,0,0,0,0,0.0,0.0
Kento Shiogai,Japan,Forward,FW,21,1.de Wolfsburg,2005,1,0,7,0.1,0,0,0,0,0,0,0,0,0.0,0.0
Mostafa Shobeir,Egypt,Goalkeeper,GK,26,1.eg Al Ahly,2000,5,5,480,5.3,0,0,0,0,0,0,1,0,0.0,0.0
Eldor Shomurodov,Uzbekistan,Forward,FW,30,1.tr Başakşehir,1995,3,3,269,3.0,1,0,1,1,0,0,0,0,0.33,0.0
Otabek Shukurov,Uzbekistan,Midfielder,MF,29,1.ae Baniyas FC,1996,3,3,237,2.6,0,0,0,0,0,0,0,0,0.0,0.0
Nkosinathi Sibisi,South Africa,Defender,DF,30,1.za Orlando Pirates,1995,1,1,90,1.0,0,0,0,0,0,0,1,0,0.0,0.0
Kwasi Sibo,Ghana,Midfielder,MF,27,1.es Oviedo,1998,4,3,248,2.8,0,0,0,0,0,0,0,0,0.0,0.0
Niko Sigur,Canada,Midfielder,MF,22,1.hr Hajduk Split,2003,3,1,126,1.4,0,0,0,0,0,0,1,0,0.0,0.0
Bernardo Silva,Portugal,Midfielder,MF,31,1.eng Manchester City,1994,4,1,97,1.1,0,0,0,0,0,0,2,0,0.0,0.0
Éderson Silva,Brazil,Midfielder,MF,26,1.it Atalanta,1999,2,0,22,0.2,0,0,0,0,0,0,0,0,0.0,0.0
Giuliano Simeone,Argentina,Forward,FW,23,1.es Atlético Madrid,2002,3,2,192,2.1,0,0,0,0,0,0,0,0,0.0,0.0
Dominique Simon,Haiti,Midfielder,MF,25,1.sk 1. FC Tatran Prešov B,2000,2,0,56,0.6,0,0,0,0,0,0,0,0,0.0,0.0
Unai Simón,Spain,Goalkeeper,GK,29,1.es Athletic Club,1997,8,8,750,8.3,0,0,0,0,0,0,0,0,0.0,0.0
Sarpreet Singh,New Zealand,Midfielder,MF,27,1.au Wellington,1999,3,3,209,2.3,0,0,0,0,0,0,1,0,0.0,0.0
Wilfried Singo,Côte d'Ivoire,Defender,DF,25,1.tr Galatasaray,2000,2,2,171,1.9,0,1,1,0,0,0,0,0,0.0,0.53
Sphephelo Sithole,South Africa,Midfielder,MF,27,1.pt Tondela,1999,3,3,229,2.5,0,0,0,0,0,0,0,1,0.0,0.0
Ellyes Skhiri,Tunisia,Midfielder,MFDF,31,1.de Frankfurt,1995,3,3,250,2.8,0,0,0,0,0,0,0,0,0.0,0.0
Alexandr Sojka,Czechia,Midfielder,MFDF,23,1.cz Viktoria Plzeň,2003,3,2,141,1.6,0,1,1,0,0,0,0,0,0.0,0.64
Ramón Sosa,Paraguay,Forward,FWMF,26,1.br Palmeiras,1999,1,0,12,0.1,0,0,0,0,0,0,0,0,0.0,0.0
Tomáš Souček,Czechia,Midfielder,MF,31,1.eng West Ham,1995,3,1,137,1.5,0,0,0,0,0,0,0,0,0.0,0.0
Harry Souttar,Australia,Defender,DF,27,2.eng Leicester City,1998,4,4,390,4.3,0,0,0,0,0,0,1,0,0.0,0.0
Djibril Sow,Switzerland,Midfielder,MF,29,1.es Sevilla,1997,4,2,253,2.8,0,0,0,0,0,0,0,0,0.0,0.0
Çağlar Söyüncü,Türkiye,Defender,DF,30,1.tr Fenerbahçe,1996,1,0,7,0.1,0,0,0,0,0,0,0,0,0.0,0.0
Djed Spence,England,Defender,DF,25,1.eng Tottenham,2000,8,4,404,4.5,0,0,0,0,0,0,0,0,0.0,0.0
Marko Stamenic,New Zealand,Midfielder,MF,24,2.eng Swansea City,2002,3,3,269,3.0,0,0,0,0,0,0,1,0,0.0,0.0
Josip Stanišić,Croatia,Defender,DFMF,26,1.de Bayern Munich,2000,4,4,360,4.0,0,1,1,0,0,0,0,0,0.0,0.25
Carl Starfelt,Sweden,Defender,DF,31,1.es Celta Vigo,1995,1,0,4,0.0,0,0,0,0,0,0,0,0,0.0,0.0
Ross Stewart,Scotland,Forward,FW,29,2.eng Southampton,1996,1,0,2,0.0,0,0,0,0,0,0,0,0,0.0,0.0
Angelo Stiller,Germany,Midfielder,MF,25,1.de Stuttgart,2001,1,0,45,0.5,0,0,0,0,0,0,0,0,0.0,0.0
John Stones,England,Defender,DF,32,1.eng Manchester City,1994,5,3,330,3.7,0,0,0,0,0,0,0,0,0.0,0.0
Jørgen Strand Larsen,Norway,Forward,FW,26,1.eng Crystal Palace,2000,2,1,105,1.2,0,0,0,0,0,1,0,0,0.0,0.0
Elliot Stroud,Sweden,Midfielder,MF,23,1.se Mjällby,2002,4,2,166,1.8,0,0,0,0,0,0,0,0,0.0,0.0
Luis Suárez,Colombia,Forward,FW,28,1.pt Sporting CP,1997,5,3,331,3.7,0,1,1,0,0,0,1,0,0.0,0.27
Luka Sučić,Croatia,Forward,FWMF,23,1.es Real Sociedad,2002,1,0,19,0.2,0,0,0,0,0,0,0,0,0.0,0.0
Petar Sučić,Croatia,Midfielder,MFFW,22,1.it Inter,2003,4,3,289,3.2,1,1,2,1,0,0,1,0,0.31,0.31
Yukinari Sugawara,Japan,Midfielder,MF,25,1.de Werder Bremen,2000,4,1,148,1.6,0,0,0,0,0,0,0,0,0.0,0.0
Rebin Sulaka,Iraq,Defender,DF,34,1.th Port FC,1992,2,1,43,0.5,0,0,0,0,0,0,0,1,0.0,0.0
Pavel Šulc,Czechia,Forward,FW,25,1.fr Lyon,2000,3,2,189,2.1,0,0,0,0,0,0,0,0,0.0,0.0
Kamaldeen Sulemana,Ghana,Midfielder,MFFW,24,1.us Atlanta Utd,2002,2,2,127,1.4,0,0,0,0,0,0,0,0,0.0,0.0
Crysencio Summerville,Netherlands,Forward,FW,24,1.eng West Ham,2001,4,2,253,2.8,2,2,4,2,0,0,1,0,0.71,0.71
Ivan Šunjić,Bosnia–Herz,Midfielder,MF,29,1.cy Pafos FC,1996,4,3,196,2.2,0,0,0,0,0,0,0,0,0.0,0.0
Finn Surman,New Zealand,Defender,DF,22,1.us Portland Timbers,2003,3,3,270,3.0,1,0,1,1,0,0,0,0,0.33,0.0
Josip Šutalo,Croatia,Defender,DF,26,1.nl Ajax,2000,4,4,360,4.0,0,0,0,0,0,0,0,0,0.0,0.0
Junnosuke Suzuki,Japan,Defender,DF,22,1.dk FC Copenhagen,2003,2,0,43,0.5,0,0,0,0,0,0,1,0,0.0,0.0
Yuito Suzuki,Japan,Forward,FWMF,24,1.de Freiburg,2001,1,0,12,0.1,0,0,0,0,0,0,0,0,0.0,0.0
Zion Suzuki,Japan,Goalkeeper,GK,23,1.it Parma,2002,4,4,360,4.0,0,0,0,0,0,0,0,0,0.0,0.0
Mattias Svanberg,Sweden,Midfielder,MF,27,1.de Wolfsburg,1999,2,0,16,0.2,1,0,1,1,0,0,0,0,5.63,0.0
Daniel Svensson,Sweden,Defender,DF,24,1.de Dortmund,2002,3,1,98,1.1,0,0,0,0,0,0,0,0,0.0,0.0
Alexander Sørloth,Norway,Forward,FW,30,1.es Atlético Madrid,1995,5,5,337,3.7,0,0,0,0,0,0,0,0,0.0,0.0
Musa Al-Taamari,Jordan,Forward,FW,29,1.fr Rennes,1997,3,2,215,2.4,1,1,2,1,0,0,0,0,0.42,0.42
Haris Tabaković,Bosnia–Herz,Forward,FW,31,2.de Schalke 04,1994,1,0,16,0.2,0,0,0,0,0,0,0,0,0.0,0.0
Lee Tae-seok,Korea Republic,Midfielder,MF,23,1.at Austria Wien,2002,2,2,113,1.3,0,0,0,0,0,0,0,0,0.0,0.0
Nicolás Tagliafico,Argentina,Defender,DF,33,1.fr Lyon,1992,7,5,476,5.3,0,0,0,0,0,0,0,0,0.0,0.0
Jonathan Tah,Germany,Defender,DF,30,1.de Bayern Munich,1996,4,4,372,4.1,0,0,0,0,0,0,0,0,0.0,0.0
Benjamin Tahirovic,Bosnia–Herz,Midfielder,MF,23,1.dk Brøndby,2003,4,2,237,2.6,0,0,0,0,0,0,0,0,0.0,0.0
Zaid Tahseen,Iraq,Defender,DF,25,1.uz Pakhtakor Tashkent FK,2001,2,2,149,1.7,0,0,0,0,0,0,1,0,0.0,0.0
Chemsdine Talbi,Morocco,Midfielder,MF,21,1.eng Sunderland,2005,5,1,179,2.0,0,1,1,0,0,0,0,0,0.0,0.5
Montassar Talbi,Tunisia,Defender,DF,28,1.fr Lorient,1998,3,3,270,3.0,0,0,0,0,0,0,0,0,0.0,0.0
Hassan Al Tambakti,Saudi Arabia,Defender,DF,27,1.sa Al-Hilal,1999,3,3,212,2.4,0,0,0,0,0,0,0,0,0.0,0.0
Ao Tanaka,Japan,Midfielder,MF,27,1.eng Leeds United,1998,3,2,193,2.1,0,0,0,0,0,0,0,0,0.0,0.0
Shogo Taniguchi,Japan,Defender,DF,34,1.be Sint-Truiden,1991,3,2,232,2.6,0,0,0,0,0,0,1,0,0.0,0.0
Mehdi Taremi,IR Iran,Forward,FW,33,1.gr Olympiacos,1992,3,3,259,2.9,0,0,0,0,0,1,0,0,0.0,0.0
Aurélien Tchouaméni,France,Midfielder,MF,26,1.es Real Madrid,2000,4,4,360,4.0,0,1,1,0,0,0,1,0,0.0,0.25
Arthur Theate,Belgium,Defender,DF,26,1.de Frankfurt,2000,3,2,228,2.5,0,0,0,0,0,0,0,0,0.0,0.0
Igor Thiago,Brazil,Forward,FW,24,1.eng Brentford,2001,1,1,61,0.7,0,0,0,0,0,0,0,0,0.0,0.0
Malick Thiaw,Germany,Defender,DFMF,24,1.eng Newcastle,2001,2,0,42,0.5,0,0,0,0,0,0,0,0,0.0,0.0
Ryan Thomas,New Zealand,Midfielder,MF,31,1.nl Zwolle,1994,3,1,83,0.9,0,0,0,0,0,0,0,0,0.0,0.0
Brandon Thomas-Asante,Ghana,Forward,FWMF,27,2.eng Coventry City,1998,2,0,53,0.6,0,0,0,0,0,0,0,0,0.0,0.0
Morten Thorsby,Norway,Midfielder,MF,30,1.it Cremonese,1996,1,0,45,0.5,0,0,0,0,0,0,0,0,0.0,0.0
Kristian Thorstvedt,Norway,Midfielder,MF,27,1.it Sassuolo,1999,2,1,63,0.7,0,0,0,0,0,0,0,0,0.0,0.0
Marcus Thuram,France,Forward,FWMF,28,1.it Inter,1997,1,0,1,0.0,0,0,0,0,0,0,0,0,0.0,0.0
Youri Tielemans,Belgium,Midfielder,MF,29,1.eng Aston Villa,1997,5,5,474,5.3,2,0,2,1,1,1,0,0,0.38,0.0
Kieran Tierney,Scotland,Midfielder,MF,29,1.sct Celtic,1997,2,1,104,1.2,0,0,0,0,0,0,0,0,0.0,0.0
Guus Til,Netherlands,Forward,FWMF,28,1.nl PSV,1997,1,0,32,0.4,0,0,0,0,0,0,0,0,0.0,0.0
Malik Tillman,USA,Midfielder,MF,24,1.de Leverkusen,2002,5,4,356,4.0,2,1,3,2,0,0,1,0,0.51,0.25
Quinten Timber,Netherlands,Midfielder,MF,24,1.fr Marseille,2001,2,0,55,0.6,0,0,0,0,0,0,0,0,0.0,0.0
Takehiro Tomiyasu,Japan,Defender,DF,27,1.nl Ajax,1998,3,2,184,2.0,0,0,0,0,0,0,0,0,0.0,0.0
Ivan Toney,England,Forward,FW,30,1.sa Al-Ahli,1996,2,1,79,0.9,0,0,0,0,0,0,0,0,0.0,0.0
Mehdi Torabi,IR Iran,Midfielder,MF,31,1.ir Tractor,1994,1,0,25,0.3,0,0,0,0,0,0,0,0,0.0,0.0
Félix Torres Caicedo,Ecuador,Defender,DF,29,1.br Internacional,1997,1,0,6,0.1,0,0,0,0,0,0,0,0,0.0,0.0
Ferran Torres,Spain,Forward,FW,26,1.es Barcelona,2000,8,1,288,3.2,1,1,2,1,0,0,1,0,0.31,0.31
Sebastian Tounekti,Tunisia,Forward,FW,23,1.sct Celtic,2002,3,1,84,0.9,0,0,0,0,0,0,0,0,0.0,0.0
Bazoumana Touré,Côte d'Ivoire,Midfielder,MF,20,1.de Hoffenheim,2006,3,1,80,0.9,0,0,0,0,0,0,0,0,0.0,0.0
Mo Touré,Australia,Forward,FW,22,2.eng Norwich City,2004,3,2,165,1.8,0,0,0,0,0,0,0,0,0.0,0.0
Kai Trewin,Australia,Defender,DFMF,25,1.us NYCFC,2001,1,0,75,0.8,0,0,0,0,0,0,0,0,0.0,0.0
Trézéguet,Egypt,Midfielder,MF,31,1.eg Al Ahly,1994,4,1,164,1.8,1,1,2,1,0,0,0,0,0.55,0.55
Francisco Trincão,Portugal,Forward,FWMF,26,1.pt Sporting CP,1999,1,0,28,0.3,0,0,0,0,0,0,0,0,0.0,0.0
Leandro Trossard,Belgium,Midfielder,MFFW,31,1.eng Arsenal,1994,6,6,506,5.6,2,2,4,2,0,0,0,0,0.36,0.36
Auston Trusty,USA,Defender,DF,27,1.sct Celtic,1998,2,1,101,1.1,1,0,1,1,0,0,0,0,0.89,0.0
Axel Tuanzebe,Congo DR,Defender,DF,28,1.eng Burnley,1997,4,4,360,4.0,0,0,0,0,0,0,0,0,0.0,0.0
Matt Turner,USA,Goalkeeper,GK,31,1.us NE Revolution,1994,1,1,90,1.0,0,0,0,0,0,0,0,0,0.0,0.0
Ayase Ueda,Japan,Forward,FW,27,1.nl Feyenoord,1998,4,4,321,3.6,2,1,3,2,0,0,0,0,0.56,0.28
Manuel Ugarte,Uruguay,Midfielder,MF,25,1.eng Manchester Utd,2001,3,3,184,2.0,0,0,0,0,0,0,0,0,0.0,0.0
Deniz Undav,Germany,Forward,FW,29,1.de Stuttgart,1996,4,1,151,1.7,3,2,5,3,0,0,0,0,1.79,1.19
Dayot Upamecano,France,Defender,DF,27,1.de Bayern Munich,1998,8,7,660,7.3,0,1,1,0,0,0,0,0,0.0,0.14
Jakhongir Urozov,Uzbekistan,Defender,DF,22,1.uz FK Dinamo Samarqand,2004,2,1,95,1.1,0,0,0,0,0,0,0,0,0.0,0.0
Oston Urunov,Uzbekistan,Midfielder,MF,25,1.ir Persepolis,2000,2,1,63,0.7,0,0,0,0,0,0,0,0,0.0,0.0
Can Uzun,Türkiye,Midfielder,MF,20,1.de Frankfurt,2005,2,0,38,0.4,0,1,1,0,0,0,0,0,0.0,2.37
Enner Valencia,Ecuador,Forward,FW,36,1.mx Pachuca,1989,4,4,287,3.2,0,0,0,0,0,0,0,0,0.0,0.0
Yan Valery,Tunisia,Defender,DF,27,1.ch Young Boys,1999,3,3,251,2.8,0,0,0,0,0,0,0,0,0.0,0.0
Federico Valverde,Uruguay,Midfielder,MF,27,1.es Real Madrid,1998,3,3,236,2.6,0,0,0,0,0,0,0,0,0.0,0.0
Virgil van Dijk,Netherlands,Defender,DF,34,1.eng Liverpool,1991,4,4,390,4.3,1,1,2,1,0,0,0,0,0.23,0.23
Hans Vanaken,Belgium,Midfielder,MF,33,1.be Club Brugge,1992,6,3,319,3.5,1,2,3,1,0,0,0,0,0.28,0.56
Guillermo Varela,Uruguay,Defender,DF,33,1.br Flamengo,1993,3,3,270,3.0,0,0,0,0,0,0,1,0,0.0,0.0
Hélio Varela,Cabo Verde,Forward,FW,24,1.il Maccabi Tel Aviv,2002,3,0,104,1.2,1,0,1,1,0,0,0,0,0.87,0.0
Camilo Vargas,Colombia,Goalkeeper,GK,37,1.mx Atlas,1989,5,5,480,5.3,0,0,0,0,0,0,0,0,0.0,0.0
Obed Vargas,Mexico,Midfielder,MF,20,1.es Atlético Madrid,2005,3,0,66,0.7,0,0,0,0,0,0,0,0,0.0,0.0
Ruben Vargas,Switzerland,Midfielder,MF,27,1.es Sevilla,1998,6,3,284,3.2,2,1,3,2,0,0,0,0,0.63,0.32
Nikola Vasilj,Bosnia–Herz,Goalkeeper,GK,30,1.de St Pauli,1995,4,4,360,4.0,0,0,0,0,0,0,0,0,0.0,0.0
Johan Vásquez,Mexico,Defender,DF,27,1.it Genoa,1998,4,4,360,4.0,0,0,0,0,0,0,1,0,0.0,0.0
Alexis Vega,Mexico,Forward,FWMF,28,1.mx Toluca,1997,1,0,12,0.1,0,0,0,0,0,0,0,0,0.0,0.0
Renato Veiga,Portugal,Defender,DF,22,1.es Villarreal,2003,5,5,450,5.0,0,0,0,0,0,0,2,0,0.0,0.0
Gustavo Velásquez,Paraguay,Defender,DF,35,1.py Cerro Porteño,1991,5,2,246,2.7,0,0,0,0,0,0,0,0,0.0,0.0
Nishan Velupillay,Australia,Midfielder,MF,25,1.au Melb. Victory,2001,2,1,75,0.8,0,0,0,0,0,0,0,0,0.0,0.0
Micky van de Ven,Netherlands,Defender,DFMF,25,1.eng Tottenham,2001,3,3,265,2.9,0,0,0,0,0,0,1,0,0.0,0.0
Bart Verbruggen,Netherlands,Goalkeeper,GK,23,1.eng Brighton,2002,4,4,390,4.3,0,0,0,0,0,0,0,0,0.0,0.0
Matías Viña,Uruguay,Defender,DF,28,1.br Flamengo,1997,1,1,45,0.5,0,0,0,0,0,0,0,0,0.0,0.0
Federico Viñas,Uruguay,Forward,FW,27,1.es Oviedo,1998,3,2,192,2.1,0,0,0,0,0,0,0,0,0.0,0.0
Denis Višinský,Czechia,Forward,FW,23,1.cz Viktoria Plzeň,2003,1,1,55,0.6,0,0,0,0,0,0,0,0,0.0,0.0
Pedro Vite,Ecuador,Midfielder,MF,24,1.mx UNAM,2002,4,4,360,4.0,0,1,1,0,0,0,0,0,0.0,0.25
Vitinha,Portugal,Midfielder,MF,26,1.fr PSG,2000,5,5,376,4.2,0,0,0,0,0,0,0,0,0.0,0.0
Nikola Vlašić,Croatia,Midfielder,MF,28,1.it Torino,1997,3,2,189,2.1,1,0,1,1,0,0,0,0,0.48,0.0
Cristian Volpato,Australia,Midfielder,MF,22,1.it Sassuolo,2003,3,2,160,1.8,0,0,0,0,0,0,0,0,0.0,0.0
Vozinha,Cabo Verde,Goalkeeper,GK,40,2.pt Chaves,1986,4,4,390,4.3,0,0,0,0,0,0,0,0,0.0,0.0
Francis de Vries,New Zealand,Defender,DF,31,1.au Auckland FC,1994,2,0,18,0.2,0,0,0,0,0,0,0,0,0.0,0.0
Luka Vušković,Croatia,Defender,DF,19,1.de Hamburger SV,2007,1,1,65,0.7,0,0,0,0,0,0,0,0,0.0,0.0
Elye Wahi,Côte d'Ivoire,Forward,FW,23,1.fr Nice,2003,3,1,110,1.2,0,0,0,0,0,0,0,0,0.0,0.0
Aaron Wan-Bissaka,Congo DR,Defender,DF,28,1.eng West Ham,1997,4,4,354,3.9,0,0,0,0,0,0,0,0,0.0,0.0
Paul Wanner,Austria,Midfielder,MF,20,1.nl PSV,2005,4,2,234,2.6,0,0,0,0,0,0,0,0,0.0,0.0
Tsuyoshi Watanabe,Japan,Defender,DF,29,1.nl Feyenoord,1997,2,1,90,1.0,0,0,0,0,0,0,0,0,0.0,0.0
Cecilio Waterman,Panama,Forward,FW,35,1.cl U Concepción,1991,2,1,76,0.8,0,0,0,0,0,0,0,0,0.0,0.0
Ollie Watkins,England,Forward,FWMF,30,1.eng Aston Villa,1995,2,0,52,0.6,0,0,0,0,0,0,0,0,0.0,0.0
Timothy Weah,USA,Midfielder,MF,26,1.fr Marseille,2000,2,1,76,0.8,0,0,0,0,0,0,0,0,0.0,0.0
Wout Weghorst,Netherlands,Forward,FW,33,1.nl Ajax,1992,1,0,50,0.6,0,0,0,0,0,0,0,0,0.0,0.0
Jacob Widell Zetterström,Sweden,Goalkeeper,GK,27,2.eng Derby County,1998,2,2,180,2.0,0,0,0,0,0,0,0,0,0.0,0.0
Silvan Widmer,Switzerland,Defender,DF,33,1.de Mainz 05,1993,5,1,175,1.9,0,0,0,0,0,0,0,0,0.0,0.0
Iñaki Williams,Ghana,Midfielder,MFFW,31,1.es Athletic Club,1994,2,2,126,1.4,0,0,0,0,0,0,1,0,0.0,0.0
Nico Williams,Spain,Midfielder,MF,23,1.es Athletic Club,2002,6,0,113,1.3,0,1,1,0,0,0,0,0,0.0,0.8
Ronwen Williams,South Africa,Goalkeeper,GK,34,1.za Sundowns,1992,4,4,360,4.0,0,0,0,0,0,0,0,0,0.0,0.0
Patrick Wimmer,Austria,Forward,FWMF,25,1.de Wolfsburg,2001,2,0,21,0.2,0,0,0,0,0,0,0,0,0.0,0.0
Florian Wirtz,Germany,Midfielder,MF,23,1.eng Liverpool,2003,4,4,361,4.0,0,3,3,0,0,0,0,0,0.0,0.75
Yoane Wissa,Congo DR,Forward,FW,29,1.eng Newcastle,1996,4,4,360,4.0,3,0,3,2,1,1,0,0,0.75,0.0
Axel Witsel,Belgium,Defender,DFMF,37,1.es Girona,1989,2,0,33,0.4,0,0,0,0,0,0,1,0,0.0,0.0
Nick Woltemade,Germany,Forward,FWMF,24,1.eng Newcastle,2002,1,0,33,0.4,0,0,0,0,0,0,0,0,0.0,0.0
Chris Wood,New Zealand,Forward,FW,34,1.eng Nottingham,1991,3,3,270,3.0,0,2,2,0,0,0,0,0,0.0,0.67
Haji Wright,USA,Forward,FWMF,28,2.eng Coventry City,1998,2,0,2,0.0,0,0,0,0,0,0,0,0,0.0,0.0
Granit Xhaka,Switzerland,Midfielder,MF,33,1.eng Sunderland,1992,6,6,600,6.7,1,0,1,0,1,1,2,0,0.15,0.0
Kevin Yakob,Iraq,Midfielder,MF,25,1.dk AGF,2000,1,0,24,0.3,0,0,0,0,0,0,0,0,0.0,0.0
Lamine Yamal,Spain,Midfielder,MFFW,18,1.es Barcelona,2007,8,7,614,6.8,1,0,1,1,0,0,0,0,0.15,0.0
Yannick,Cabo Verde,Midfielder,MF,30,2.pt Farense,1995,2,0,32,0.4,0,1,1,0,0,0,0,0,0.0,2.81
Gessime Yassine,Morocco,Midfielder,MF,20,1.fr Strasbourg,2005,3,0,80,0.9,1,0,1,1,0,0,0,0,1.13,0.0
John Yeboah,Ecuador,Midfielder,MF,25,2.it Venezia,2000,4,4,311,3.5,0,0,0,0,0,0,0,0,0.0,0.0
Tete Yengi,Australia,Forward,FW,25,1.jp Machida Zelvia,2000,2,0,24,0.3,0,0,0,0,0,0,0,0,0.0,0.0
Kenan Yıldız,Türkiye,Midfielder,MF,21,1.it Juventus,2005,3,2,218,2.4,0,0,0,0,0,0,0,0,0.0,0.0
Caleb Yirenkyi,Ghana,Midfielder,MF,20,1.dk Nordsjælland,2006,4,3,264,2.9,1,0,1,1,0,0,2,0,0.34,0.0
Seol Young-woo,Korea Republic,Midfielder,MF,27,1.rs Red Star,1998,3,3,250,2.8,0,0,0,0,0,0,0,0,0.0,0.0
Manaf Younis,Iraq,Defender,DF,29,1.iq Al-Shorta,1996,1,0,75,0.8,0,0,0,0,0,0,0,0,0.0,0.0
Aria Yousefi,IR Iran,Midfielder,MF,24,1.ir Sepahan,2002,1,1,45,0.5,0,0,0,0,0,0,0,0,0.0,0.0
Ali Yousif,Iraq,Forward,FW,30,1.iq Al-Talaba,1996,1,0,33,0.4,0,0,0,0,0,0,0,0,0.0,0.0
İsmail Yüksek,Türkiye,Midfielder,MF,27,1.tr Fenerbahçe,1999,2,2,139,1.5,0,0,0,0,0,0,0,0,0.0,0.0
Utkir Yusupov,Uzbekistan,Goalkeeper,GK,35,1.uz Navbahor,1991,1,1,90,1.0,0,0,0,0,0,0,0,0,0.0,0.0
Warren Zaïre-Emery,France,Midfielder,MF,20,1.fr PSG,2006,2,1,110,1.2,0,0,0,0,0,0,0,0,0.0,0.0
Denis Zakaria,Switzerland,Defender,DF,29,1.fr Monaco,1996,4,4,357,4.0,0,0,0,0,0,0,2,0,0.0,0.0
Jaroslav Zelený,Czechia,Midfielder,MF,33,1.cz Sparta Prague,1992,2,1,126,1.4,0,0,0,0,0,0,0,0,0.0,0.0
Alejandro Zendejas,USA,Forward,FWMF,28,1.mx América,1998,1,0,14,0.2,0,0,0,0,0,0,0,0,0.0,0.0
Besfort Zeneli,Sweden,Midfielder,MF,23,1.be Union SG,2002,2,0,60,0.7,0,0,0,0,0,0,0,0,0.0,0.0
Ramiz Zerrouki,Algeria,Midfielder,MF,28,1.nl Twente,1998,3,2,111,1.2,0,0,0,0,0,0,1,0,0.0,0.0
Luca Zidane,Algeria,Goalkeeper,GK,28,2.es Granada,1998,3,3,270,3.0,0,0,0,0,0,0,0,0,0.0,0.0
Mostafa Ziko,Egypt,Forward,FWMF,29,1.eg Pyramids FC,1997,5,5,370,4.1,2,1,3,2,0,0,0,0,0.49,0.24
David Zima,Czechia,Defender,DF,25,1.cz Slavia Prague,2000,1,0,13,0.1,0,0,0,0,0,0,0,0,0.0,0.0
Zizo,Egypt,Midfielder,MF,30,1.eg Al Ahly,1996,4,0,56,0.6,0,0,0,0,0,0,0,0,0.0,0.0
Martín Zubimendi,Spain,Midfielder,MF,27,1.eng Arsenal,1999,1,0,22,0.2,0,0,0,0,0,0,0,0,0.0,0.0
Themba Zwane,South Africa,Forward,FWMF,36,1.za Sundowns,1989,1,0,23,0.3,0,0,0,0,0,0,0,1,0.0,0.0
Martin Ødegaard,Norway,Midfielder,MF,27,1.eng Arsenal,1998,5,5,470,5.2,0,4,4,0,0,0,0,0,0.0,0.77
Leo Østigård,Norway,Defender,DF,26,1.it Genoa,1999,5,1,146,1.6,1,0,1,1,0,0,0,0,0.62,0.0
